id,source,title,organization,application_start,application_end,progress_start,progress_end,situation,apply,link,phone,manager,charge,email,view_details_link,details,instructor,tuition,teaching_method,capacity,place,support,views,preference_id,preference_type,region_id
1,부산일자리정보망,제7차 신중년 채용직무설명회,부산광역시 장노년일자리지원센터,2024-10-07 09:00:00,2024-10-25 13:00:00,2024-10-29,2024-10-29,접수중,온라인,,051-862-6303,김소현,장노년일자리혁신팀,bcjcenter@hanmail.net,https://www.busanjob.net/03_part/part01_view.asp?idx=17399&page=1&params=search_mode%3DY%26search_save%3DN%26keyword%3D%26kind1_type%3DP%26kind1_type_k%3DP%26kind2_type%3DJP04%26kind2_type%3DJP05%26kind2_type_k%3DJP04%252CJP05,"<div class=""view_detail"">
<p><span 14pt;="""" 255);""="""" 255,="""" 85);="""" 85,="""" background:="""" bold;="""" color:="""" font-size:="""" font-weight:="""" rgb(255,="""" rgb(85,="""" 고딕"";="""" 맑은="""">새로운 길을 찾는 신중년을 위한 채용</span><span 0pt;="""" 14pt;="""" 255);""="""" 255,="""" 85);="""" 85,="""" background:="""" bold;="""" color:="""" font-size:="""" font-weight:="""" letter-spacing:="""" rgb(255,="""" rgb(85,="""" 고딕"";="""" 맑은="""">‧</span><span 14pt;="""" 255);""="""" 255,="""" 85);="""" 85,="""" background:="""" bold;="""" color:="""" font-size:="""" font-weight:="""" rgb(255,="""" rgb(85,="""" 고딕"";="""" 맑은="""">직무설명회</span><span 0pt;="""" 14pt;="""" 255);""="""" 255,="""" 85);="""" 85,="""" background:="""" bold;="""" color:="""" font-size:="""" font-weight:="""" lang=""EN-US"" letter-spacing:="""" rgb(255,="""" rgb(85,="""" 고딕"";="""" 맑은="""">, </span><span 14pt;="""" 255);""="""" 255,="""" 85);="""" 85,="""" background:="""" bold;="""" color:="""" font-size:="""" font-weight:="""" rgb(255,="""" rgb(85,="""" 고딕"";="""" 맑은="""">새로운 직무에 대한 맞춤 지원서비스를 통한 일자리 기회를 마련하세요</span><span 0pt;="""" 14pt;="""" 255);""="""" 255,="""" 85);="""" 85,="""" background:="""" bold;="""" color:="""" font-size:="""" font-weight:="""" lang=""EN-US"" letter-spacing:="""" rgb(255,="""" rgb(85,="""" 고딕"";="""" 맑은="""">!</span></p><p class=""0""><span>❍ </span><span>제7차</span><span> 신중년 채용직무설명회 </span><span lang=""EN-US"">""GS</span><span>리테일</span><span lang=""EN-US"">-</span><span>우리동네 도보배달원</span><span lang=""EN-US"">""</span></p><p class=""0""><span lang=""EN-US"">- </span><span>′</span><span>우리동네 딜리버리</span><span>′ </span><span>앱을 활용하여 언제 어디서든 누구나 장비없이 손쉽게 일할 수 있는 친환경 배달 플랫폼 교육 지원</span></p><p class=""0""><span lang=""EN-US"">- </span><span>저중량 상품 위주로 내가 원하는 시간에 자유롭게 배달활동 </span><span lang=""EN-US"">(</span><span>생필품</span><span lang=""EN-US"">, </span><span>식료품 등</span><span lang=""EN-US"">)</span></p><p class=""0""><span lang=""EN-US"">- </span><span>건별 </span><span lang=""EN-US"">2,000</span><span>원</span><span lang=""EN-US"">~3,600</span><span>원</span><span lang=""EN-US"">, </span><span>물품</span><span lang=""EN-US"">/</span><span>거리별 상이</span></p><p class=""0""><span>❍ </span><span>신청기간</span><span lang=""EN-US"">: 2024</span><span>년 10</span><span>월 7</span><span>일</span><span lang=""EN-US"">(</span><span>월</span><span lang=""EN-US"">) ~ 10</span><span>월 </span><span lang=""EN-US"">25</span><span>일</span><span lang=""EN-US"">(금</span><span lang=""EN-US"">) 13</span><span>시 </span><span lang=""EN-US"">/ </span><span>선발 후 10</span><span>월 </span><span lang=""EN-US"">28</span><span>일</span><span lang=""EN-US"">(월</span><span lang=""EN-US"">) 이내 </span><span>개별연락</span></p><p class=""0""><span>❍ </span><span>모집대상</span><span lang=""EN-US"">: </span><span>부산 소재의 만</span><span lang=""EN-US"">50</span><span>세</span><span lang=""EN-US"">~</span><span>만</span><span lang=""EN-US"">69</span><span>세 </span><span lang=""EN-US"">/ 40</span><span>명</span></p><p><span>❍ </span><span>조건</span><span lang=""EN-US"">: </span><span>스마트폰사용 및 모바일데이터 사용 가능자</span><span lang=""EN-US"">(</span><span>노인일자리 참여자</span><span lang=""EN-US"">, </span><span>실업급여 대상자 제외</span><span lang=""EN-US"">)</span></p><p><span>❍</span><span> 진행일시: 2024년 10월 29일(화) 13시~17시</span><span>​</span></p><p class=""0""><span>❍ </span><span>신청방법: 온라인 신청</span><span>☞주소클릭 </span>(<a href=""https://docs.google.com/forms/d/1u__CV3op1go-J4x2JlmeE-NUAFMuSg6pgHJkhzGLTDA/edit"" target=""_self"">https://docs.google.com/forms/d/1u__CV3op1go-J4x2JlmeE-NUAFMuSg6pgHJkhzGLTDA/edit</a>)</p><p class=""0""><span>❍신청관련 문의 : 부산광역시 장노년일자리지원센터 김소현 주임(070-4048-7097)</span>​</p> ​
</div>",,,,,,,0,4,사회형,1
2,부산일자리정보망,2024년 수영구 일자리종합센터 『실전! 창업 아카데미』,부산광역시 수영구청,2024-09-11 09:00:00,2024-10-15 18:00:00,2024-10-16,2024-10-17,접수중,"온라인,방문,기타",https://naver.me/xMjnKX7E,051-610-4830,이춘우,일자리경제과,korea0160@korea.kr,https://www.busanjob.net/03_part/part01_view.asp?idx=17334&page=1&params=search_mode%3DY%26search_save%3DN%26keyword%3D%26kind1_type%3DP%26kind1_type_k%3DP%26kind2_type%3DJP04%26kind2_type%3DJP05%26kind2_type_k%3DJP04%252CJP05,"<div class=""view_detail"">
<p><strong ""malgun="""" ""맑은="""" -0.4992px;="""" -webkit-print-color-adjust:="""" 0px;="""" 0px;""="""" apple="""" arial,="""" baseline;="""" border-box;="""" border:="""" box-sizing:="""" clean,="""" dotum,="""" exact;="""" gothic="""" gothic"",="""" helvetica,="""" letter-spacing:="""" margin:="""" neo"",="""" none;="""" padding:="""" sans-serif;="""" sd="""" text-size-adjust:="""" verdana,="""" vertical-align:="""" 고딕"",="""" 돋움,=""""><span>2024년 수영구 일자리종합센터 『실전! 창업 아카데미』</span></strong></p><div ""malgun="""" ""맑은="""" -0.4992px;""="""" apple="""" arial,="""" class=""vier-cont wb"" clean,="""" dotum,="""" gothic="""" gothic"",="""" helvetica,="""" letter-spacing:="""" neo"",="""" sans-serif;="""" sd="""" verdana,="""" 고딕"",="""" 돋움,=""""><div><p> <br/><span>❍ 교육일시 : 2024. 10. 16.(수) ~ 10. 17(목) 14:00~17:00</span></p><p><span>  ❍ 교육대상 : 예비 및 초기 창업자 20명/수영구민우대</span></p><p><span>  ❍ 교육장소 : 수영구청 중회의실</span></p><p><span>  ❍ 교육내용 : 2024 지금은 펫코노미시대!</span></p><p><span>                (펫코노미시장 분석과 현업종사자의 생생한 창업스토리 공개)</span></p><p><span>  ❍ 접수방법  : 일자리종합센터 본인 방문(신분증 지참) 혹은 네이버폼 온라인접수가능</span></p><p><strong>클릭 -&gt; <a data-cke-saved-href=""https://naver.me/xMjnKX7E"" href=""https://naver.me/xMjnKX7E""><span>https://naver.me/xMjnKX7E</span></a></strong></p><p><span>  ❍ 접수기간 : 2024. 9. 11.(수) ~ 10. 14.(월)</span></p><p><span>  ❍ 문    의 : 수영구 일자리종합센터 ☎ 610-4832</span></p></div></div>
</div>",,,,,,,0,2,탐구형,5
3,부산일자리정보망,2024년 하반기 경비원 양성 교육과정 참여자 모집 안내,부산광역시 해운대구청,2024-10-07 09:00:00,2024-10-14 18:00:00,2024-10-23,2024-10-25,접수중,방문,,051-749-4348,김하경,일자리경제과,,https://www.busanjob.net/03_part/part01_view.asp?idx=16643&page=1&params=search_mode%3DY%26search_save%3DN%26keyword%3D%26kind1_type%3DP%26kind1_type_k%3DP%26kind2_type%3DJP04%26kind2_type%3DJP05%26kind2_type_k%3DJP04%252CJP05,"<div class=""view_detail"">
<b>2024년 하반기 경비원 양성 교육과정 참여자 모집 안내</b><p><span lang=""en-us"">1. </span><span>교육개요</span></p><p class=""0""><span>가</span><span lang=""en-us"">. </span><span>교 육 명</span><span lang=""en-us"">: </span><span lang=""en-us"">2024 하</span><span>반기 경비원 양성 교육과정</span></p><p class=""0""><span>나</span><span lang=""en-us"">. </span><span>교육기간</span><span lang=""en-us"">: </span><span lang=""en-us"">2024. 10. 23.(</span><span lang=""en-us"">수</span><span lang=""en-us"">) ~ 10. 25.(</span><span lang=""en-us"">금</span><span lang=""en-us"">)</span></p><p class=""0""><span>다</span><span lang=""en-us"">. </span><span>교육장소: (사)대한민국경비협회 부산지방협회(부산진구 중앙대로 747, 한누리빌딩8층)</span></p><p class=""0""><span lang=""en-us"">2. </span><span>수강신청</span></p><p class=""0""><span>가</span><span lang=""en-us"">. </span><span>접수기간</span><span lang=""en-us"">: 2024. 10. 7.(</span><span lang=""en-us"">월</span><span lang=""en-us"">) ~ 10. 14.(</span><span lang=""en-us"">월</span><span lang=""en-us"">)</span></p><p class=""0""><span>나</span><span lang=""en-us"">. </span><span>교 육 비</span><span lang=""en-us"">: </span><span>무료</span></p><p class=""0""><span>다</span><span lang=""en-us"">. </span><span>신청자격</span><span lang=""en-us"">: </span><span>해운대구 거주 경비원 구직자(현재 미취업자 우선)</span></p><p class=""0""><span>라</span><span lang=""en-us"">. </span><span>접수방법</span><span lang=""en-us"">: </span><span>본인 방문 접수</span><span lang=""en-us"">(</span><span>신분증 지참</span><span lang=""en-us"">)</span></p><p class=""0""><span>마</span><span lang=""en-us"">. </span><span>접 수 처</span><span lang=""en-us"">: </span><span>해운대구청 일자리센터</span><span lang=""en-us"">, 해운대구문화복합센터 일자리센터(재송동),</span></p><p class=""0""><span>               해운대 기술교육원 일자리센터</span><span lang=""en-us"">(</span><span>반여동</span><span lang=""en-us"">)</span></p><p class=""0""><span>바</span><span lang=""en-us"">. </span><span>제출서류</span></p><p class=""0""><span lang=""en-us"">1) </span><span>신청서 및 개인정보 제공</span><span lang=""en-us"">·</span><span>이용 동의서</span><span lang=""en-us"">[</span><span>붙임</span><span lang=""en-us"">]</span></p><p class=""0""><span lang=""en-us"">2) </span><span>주민등록초본</span><span lang=""en-us"">(</span><span>주소변동사항 포함</span><span lang=""en-us"">)</span></p><p class=""0""><span lang=""en-us"">3) </span><span>고용보험자격이력내역서</span></p><p class=""0""><span>사</span><span lang=""en-us"">. </span><span>선발방법</span><span lang=""en-us"">: </span><span>서류심사</span><span lang=""en-us"">*</span><span>심사기준</span><span lang=""en-us"">: </span><span>해운대구 거주기간</span><span lang=""en-us"">, </span><span>장기 미취업자</span><span lang=""en-us"">, 65</span><span>세 미만 우선 선발 등</span></p><p class=""0""><span>아</span><span lang=""en-us"">. </span><span>교육대상자 발표</span><span lang=""en-us"">: 2024. 10. 18.(</span><span lang=""en-us"">금</span><span lang=""en-us"">) </span><span>예정</span></p><p><span>   ※ </span><span lang=""en-us"">2021 ~ 2023</span><span>년 동일 사업</span><span lang=""en-us"">(</span><span>재능일자리</span><span lang=""en-us"">) </span><span>선발 후 무단결석 또는 미수료자 교육 신청제한</span></p>
</div>",,,,,,,0,1,현실형,12
4,부산일자리정보망,건설현장 신호수·이동식크레인(고소작업대) 조종자격 교육 신청자 모집 공고,부산광역시 부산진구청,2024-09-09 09:00:00,2024-10-11 17:00:00,2024-10-24,2024-10-25,접수중,방문,,051-605-6407,조영주,일자리정책과,dooree77@korea.kr,https://www.busanjob.net/03_part/part01_view.asp?idx=16598&page=1&params=search_mode%3DY%26search_save%3DN%26keyword%3D%26kind1_type%3DP%26kind1_type_k%3DP%26kind2_type%3DJP04%26kind2_type%3DJP05%26kind2_type_k%3DJP04%252CJP05,"<div class=""view_detail"">
									중장년층 일자리창출을 위한 2024년 신호수 및 이동식크레인(고소작업대) 조종자격 교육 참여자를 아래와 같이 모집 공고하고자 합니다.<br/><br/>   ▣  공고개요<br/>     ○ 공고기간 : 2024. 9. 3.(화) ~ 2024. 10. 11.(금) <br/>     ○ 접수기간 : 2024. 9. 9.(월) ~ 2024. 10. 11. (금) 까지 <br/>     ○ 신청자격 : 건설현장 구직자 (부산진구민 우대)<br/>     ○ 접수방법 : 방문 접수(부산진구청 취업정보센터 1층), 신분증 지참<br/>     ○ 제출서류 : 참가신청서, 개인정보 제공 및 이용 동의서, 행정정보 공동이용<br/>                         사전동의서 등 (붙임서식 참고)<br/>     ○ 공고내용 : 신청자격 등 공고문 참조<br/>     ○ 문 의 처  : 부산진구 일자리정책과 (☎051-605-6405~9, 4342)
</div>",,,,,,,0,1,현실형,9
5,부산일자리정보망,DX-Academy 기초역량 교육 수강생 모집,부산여자대학교,2024-08-30 09:00:00,2024-12-31 18:00:00,2024-08-30,2024-12-31,접수중,기타,https://docs.google.com/forms/d/1utbZFRGYVrpA7YveFl40TcatshOnqe8-mAhcMDdIXiI/viewform?edit_requested=true,051-850-5919,DX교육운영센터,DX교육운영센터,-,https://www.busanjob.net/03_part/part01_view.asp?idx=16243&page=1&params=search_mode%3DY%26search_save%3DN%26keyword%3D%26kind1_type%3DP%26kind1_type_k%3DP%26kind2_type%3DJP04%26kind2_type%3DJP05%26kind2_type_k%3DJP04%252CJP05,"<div class=""view_detail"">
<span>👨신청안내</span><span>👩</span><div><span>• 모집대상 : 신중장년층 (35세 ~ 60세)</span></div><div><span>• 신청기한 : 상시 신청 가능</span></div><div><span>• 신청방법 : 전화문의 / 신청 QR코드로 신청서 작성</span></div><div><span>↓</span><span>​ </span><span>신청링크 ↓</span></div><div><a href=""https://docs.google.com/forms/d/1utbZFRGYVrpA7YveFl40TcatshOnqe8-mAhcMDdIXiI/viewform?edit_requested=true"" target=""_blank""><span>https://docs.google.com/forms/d/1utbZFRGYVrpA7YveFl40TcatshOnqe8-mAhcMDdIXiI/viewform?edit_requested=true</span></a><span>​</span></div><div><span>👨</span><span>​</span><span>주요내용</span><span>👩</span><span>​</span></div><div><span>• 교육 일정 : 과정별 정원 모집 완료 시 교육 진행 예정 (과정당 40명)</span></div><div><span>• 교육 장소 : 부산여자대학교(한 소속 내 다수인원 신청시 출장교육 가능)</span></div><div><span>• 참여 비용: 전액 무료</span></div><div><span>👨</span><span>​</span><span>교육과정</span><span>👩</span><span>​</span></div><div><span>• EHS AI 슈퍼바이저 양성 과정 : 데이터 레이블러, 어노페이션 라벨링 실무 고도화</span></div><div><span>• EHS RM 슈퍼바이저 양성 과정 : 위험관리 시스템 리뷰어 실무</span></div><div><span>👨</span><span>​</span><span>​</span><span>참여혜택</span><span>👩</span><span>​</span></div><div><span>• 교육 과정멸 전문 수료증 발급</span></div><div><span>• 교육생 1:1 개인별 직무전환 멘토링</span></div><div><span>• 산업체 전문가 특강 진행</span></div><div><span>• 취창업 프로그램 진행</span></div><div><span>• 문의사항 : 부산여자대학교 DX교육운영센터로 전화문의</span></div><div><span>              051) 850-3053 / 051) 850-5919</span><br/></div><div><span><br/>​</span></div>
</div>",,,,,,,0,5,진취형,1
6,부산일자리정보망,리터러시 강화교육 수강생 모집,부산여자대학교,2024-08-12 09:00:00,2024-12-31 18:00:00,2024-08-12,2024-12-31,접수중,기타,https://docs.google.com/forms/d/1s43U9EgOmVxQu-jvrXLL1hZHfgSpfDz1paLiWQ6uV9A/edit,051-850-3053,DX교육운영센터,DX교육운영센터,-,https://www.busanjob.net/03_part/part01_view.asp?idx=15580&page=1&params=search_mode%3DY%26search_save%3DN%26keyword%3D%26kind1_type%3DP%26kind1_type_k%3DP%26kind2_type%3DJP04%26kind2_type%3DJP05%26kind2_type_k%3DJP04%252CJP05,"<div class=""view_detail"">
<div align=""center""><b>DX-Academy</b></div><div align=""center""><b>리터러시 강화교육 수강생 모집</b></div><div><b>*신청안내*</b></div><div><span>- 모집대상 : 신중장년층(35세~60세)</span></div><div><span>- 신청기한 : 상시 신청 가능</span></div><div><span>- 신청방법 : 전화문의 / 신청 QR로 신청서 작성</span></div><div><span>- 문의사항 : 부산여자대학교 DX 교육운영센터로 전화문의(051-850-3053 / 051-850-5919)</span></div><div><b>*주요내용*</b></div><div><span>- 교육일정 : 과정별 정원 모집 완료 시 교육진행 예정(과정당 20명)</span></div><div><span>- 교육장소 : 부산여자대학교(한 소속 내 다수인원 신청시 출장교육 가능)</span></div><div><span>- 참여비용 : 전액 무료</span></div><div><b>*교육과정*</b></div><div><span>- 건강관리를 위한 스마트 기기활용</span></div><div><span>- Social - Service Tech 역량교육</span></div><div><span>- 보건의료서비스분야 DX역량</span></div><div><span>- 디지털콘텐츠 활용 건강관리 역량교육</span></div><div><b>*참여혜택*</b></div><div><span>- 교육과정별 전문 수료증 발급</span></div><div><span>- 교육생 1:1개인별 직무전환 멘토링</span></div><div><span>- 산업체 전문가 특강 진행</span></div><div><span>- 취창업 프로그램 진행</span></div><div><b>*DX리터러시 강화교육*</b></div><div><span>- 모집인원 : 20명(50%)</span></div><div><span>- 성적우수생 : 1(5%) / 15만원</span></div><div><span>- 우수교육참여생 : 3(15%) / 10만원</span></div><div><span>- 우수참여 및 교육지원 : 6(30%) / 5만원</span></div>
</div>",,,,,,,0,5,진취형,1
7,부산일자리정보망,′2024년 부산형 시니어 채용지원사업′ 구직자 모집,부산경영자총협회,2024-07-31 09:00:00,2024-12-31 18:00:00,2024-07-31,2024-12-31,접수중,기타,https://bsefapp.co.kr/board/joboffer,051-647-5186,기업지원팀,기업지원팀,-,https://www.busanjob.net/03_part/part01_view.asp?idx=15200&page=1&params=search_mode%3DY%26search_save%3DN%26keyword%3D%26kind1_type%3DP%26kind1_type_k%3DP%26kind2_type%3DJP04%26kind2_type%3DJP05%26kind2_type_k%3DJP04%252CJP05,"<div class=""view_detail"">
<div align=""center"">부산경영자총협회에서는<b> ′2024년 부산형 시니어 채용지원사업′ </b>구직자를 모집합니다.</div><div align=""center""><span>다양한 직무와 함께 주 15시간 단기근로가능 직무까지~!</span></div><div align=""center""><span>자세한 구인 내용은 아래의 카드뉴스를 클릭해주십시오.</span></div>
</div>",,,,,,,0,4,사회형,1
8,부산일자리정보망,부산형 시니어 적합직무 채용지원사업 참여자 모집,부산경영자총협회,2024-05-01 09:00:00,2024-12-31 18:00:00,2024-05-01,2024-12-31,접수중,기타,,051-647-5186,차지은,기업지원팀,bs60@bsef.kr,https://www.busanjob.net/03_part/part01_view.asp?idx=14953&page=1&params=search_mode%3DY%26search_save%3DN%26keyword%3D%26kind1_type%3DP%26kind1_type_k%3DP%26kind2_type%3DJP04%26kind2_type%3DJP05%26kind2_type_k%3DJP04%252CJP05,"<div class=""view_detail"">
<span>2024 부산 시니어 적합직무 채용 지원사업의 구직자를 모집합니다.</span> <div ""noto="""" ""맑은="""" 102);="""" 102,="""" 16px;="""" 255);""="""" 255,="""" background-color:="""" border-box;="""" box-sizing:="""" color:="""" font-size:="""" gmarketsans,="""" kr"",="""" malgungothic,="""" noto="""" rgb(102,="""" rgb(255,="""" sans="""" sans"",="""" sans-serif;="""" 고딕"",=""""><b>참여방법</b></div><div ""noto="""" ""맑은="""" 102);="""" 102,="""" 16px;="""" 255);""="""" 255,="""" background-color:="""" border-box;="""" box-sizing:="""" color:="""" font-size:="""" gmarketsans,="""" kr"",="""" malgungothic,="""" noto="""" rgb(102,="""" rgb(255,="""" sans="""" sans"",="""" sans-serif;="""" 고딕"",=""""><span>부산일자리정보망 회원가입  →  JOB프로그램  →  시니어 적합직무 검색 </span></div><p><span ""noto="""" ""맑은="""" gmarketsans,="""" kr"",="""" malgungothic,="""" noto="""" sans="""" sans"",="""" sans-serif;""="""" 고딕"",="""">→ 시니어적합직</span><span ""noto="""" ""맑은="""" 24pt;""="""" border-box;="""" box-sizing:="""" font-size:="""" gmarketsans,="""" kr"",="""" malgungothic,="""" noto="""" sans="""" sans"",="""" sans-serif;="""" 고딕"",="""">​</span><span ""noto="""" ""맑은="""" gmarketsans,="""" kr"",="""" malgungothic,="""" noto="""" sans="""" sans"",="""" sans-serif;""="""" 고딕"",="""">무 채용관 바로가기 </span><span><a ""noto="""" ""맑은="""" 18pt;""="""" font-size:="""" gmarketsans,="""" href=""http://jobfair.busanjob.net/senior"" kr"",="""" malgungothic,="""" noto="""" sans="""" sans"",="""" sans-serif;="""" target=""_self"" 고딕"",="""">jobfair.busanjob.net/senior</a> </span><span ""noto="""" ""맑은="""" gmarketsans,="""" kr"",="""" malgungothic,="""" noto="""" sans="""" sans"",="""" sans-serif;""="""" 고딕"",="""">→ </span></p><p><span ""noto="""" ""맑은="""" gmarketsans,="""" kr"",="""" malgungothic,="""" noto="""" sans="""" sans"",="""" sans-serif;""="""" 고딕"",="""">로그인 및 참여신청서 업로드  →  입사지원</span></p>
</div>",,,,,,,0,4,사회형,1
9,부산일자리정보망,국민취업지원제도 이음길HR,고용노동부,2024-04-24 09:00:00,2024-12-31 18:00:00,2024-04-24,2024-12-31,접수중,"온라인,방문",,051-900-2231~3,이음길HR,이음길HR,,https://www.busanjob.net/03_part/part01_view.asp?idx=12435&page=1&params=search_mode%3DY%26search_save%3DN%26keyword%3D%26kind1_type%3DP%26kind1_type_k%3DP%26kind2_type%3DJP04%26kind2_type%3DJP05%26kind2_type_k%3DJP04%252CJP05,"<div class=""view_detail"">
<div align=""center""><span>취업의 장벽을 넘어서는 도움닫기</span><span lang=""EN-US"">, </span><span>이음길</span><span lang=""EN-US"">HR</span></div><p class=""0""><span lang=""EN-US"">🌻 </span><span>취업에 대한 고민</span><span lang=""EN-US"">, </span><span>이음길에서 나누고 돕겠습니다</span><span lang=""EN-US"">:)</span></p><p class=""0""><span>어떤 취업 지원 서비스가 있을까요</span><span lang=""EN-US"">?</span></p><p class=""0""><span lang=""EN-US"">-  </span><span>직업심리검사로 나를 파악할 수 있어요</span></p><p class=""0""><span lang=""EN-US"">-  </span><span>서류 작성 </span><span lang=""EN-US"">&amp; </span><span>면접에 대한 고민</span><span lang=""EN-US"">, </span><span>함께 해결해 나가요</span></p><p class=""0""><span lang=""EN-US"">-  </span><span>유형에 따라 생계지원금도 받을 수 있어요</span></p><p class=""0""><span>이음길이 제공하는 특별한 취업 지원 서비스로 </span></p><p class=""0""><span>국민취업지원제도를더욱가치있게만들어보세요</span><span lang=""EN-US"">!</span></p><p align=""center"" class=""0""><span>아래 이미지를 클릭하시면</span><span lang=""EN-US"">, </span><span>이음길과 함께 하는</span></p><div align=""center""><span>국민취업지원제도의 신청상담을 받아볼 수 있습니다</span><span>☘</span></div>
</div>",,,,,,,0,4,사회형,1
10,부산일자리정보망,신중년 경비원 양성을 위한 일반경비원 신임교육 교육비 지원,부산광역시 장노년일자리지원센터,2024-04-03 09:00:00,2024-11-25 18:00:00,2024-04-01,2024-11-29,접수중,기타,https://www.busan50plus.or.kr/notice/news/view?uid=452,051-864-6300,김소현,장노년일자리혁신팀,bcjcenter@hanmail.net,https://www.busanjob.net/03_part/part01_view.asp?idx=11987&page=1&params=search_mode%3DY%26search_save%3DN%26keyword%3D%26kind1_type%3DP%26kind1_type_k%3DP%26kind2_type%3DJP04%26kind2_type%3DJP05%26kind2_type_k%3DJP04%252CJP05,"<div class=""view_detail"">
<p><b>""신중년의 재취업을 위한 일반경비원 신임교육과정 교육비를 지원해드립니다""</b></p><p><span>‣ </span><span>내용:</span> 경비원이 되기 위해 일반경비원 신임교육과정 이수를 희망하는 신중년에게 <span>교육비 30%를 지원</span></p><p>‣ <span>대상:</span> 부산소재 만50세~만64세 미취업자</p><p><span>‣</span>​<span>접수기간:</span> 4월~11월 / 월 30명</p><p><span>‣</span>​<span>신청방법:</span> 전화 및 방문 접수</p><p><span>‣</span><span>​자세한 내용은 홈페이지 참조</span></p><p><span>‣</span>​<span>문의사항 :</span> 051-864-6300 또는 070-4759-8767 /<span> 부산광역시 장노년일자리지원센터 김소현 주임 </span></p>
</div>",,,,,,,0,1,현실형,1
11,부산일자리정보망,「부산형 관광·마이스업 일자리 채움 지원금」 참여자 모집,부산경제진흥원,2024-03-18 09:00:00,2024-11-30 23:00:00,2024-03-18,2024-11-30,접수중,온라인,,051-669-0613~5,황서윤,일자리기획팀,,https://www.busanjob.net/03_part/part01_view.asp?idx=11321&page=1&params=search_mode%3DY%26search_save%3DN%26keyword%3D%26kind1_type%3DP%26kind1_type_k%3DP%26kind2_type%3DJP04%26kind2_type%3DJP05%26kind2_type_k%3DJP04%252CJP05,"<div class=""view_detail"">
<div align=""center""><span>「</span><span>부산형 관광</span><span>⋅</span><span>마이스업 일자리 채움 지원금</span><span>」 </span><span>참여자 모집</span></div><div align=""center""><span>부산광역시 소재 관광</span><span lang=""EN-US"">·</span><span>마이스 기업의 구인난 해소 및</span><span>근로자 장기근속 유도를 위한</span></div><p align=""center"" class=""0""><span>「</span><span>​</span><span>부산형 관광</span><span>‧</span><span>마이스업 일자리 채움 지원금</span><span>」</span><span>​</span><span> 사업을 운영 합니다.</span></p><p align=""center"" class=""0""><span lang=""EN-US""> 부산 관광·마이스 기업에 신규입사자 또는 입사예정자분들의 </span><span>많은 관심과 참여 바랍니다</span><span lang=""EN-US"">.</span></p><p class=""0""><b>1유형 선착순 마감완료  - 신청시 예비번호 부여</b></p><p align=""left"" class=""0""><span>○</span><span>제출 서류</span></p><table class=""__se_tbl_ext""><tbody><tr><td colspan=""2"" valign=""middle""><p class=""0""><span>서류명</span></p></td><td valign=""middle""><p class=""0""><span>발급처</span></p></td><td valign=""middle""><p class=""0""><span>확인 사항</span></p></td></tr><tr><td rowspan=""6"" valign=""middle""><p class=""0""><span>필수</span></p></td><td valign=""middle""><p class=""0""><span>① </span><span>정규직 근로계약서</span></p></td><td valign=""middle""><p class=""0""><span>기업체</span></p></td><td valign=""middle""><p class=""0""><span>✔ </span><span lang=""EN-US"">‘24. 2. 26. </span><span>이후 정규직 입사 또는 전환</span></p><p class=""0""><span>✔ </span><span>소정근로시간 주 </span><span lang=""EN-US"">30</span><span>시간 이상</span></p><p class=""0""><span>✔ </span><span>월 통상임금 450</span><span>만원 이하</span></p></td></tr><tr><td valign=""middle""><p class=""0""><span>② </span><span>신청서식 </span><span lang=""EN-US"">1, 1-1, 1-2</span></p><p class=""0""><span lang=""EN-US"">(</span><span>신청서</span><span lang=""EN-US"">, </span><span>확인서</span><span lang=""EN-US"">, </span><span>동의서</span><span lang=""EN-US"">)</span></p></td><td valign=""middle""><p class=""0""><span>부산일자리정보망</span></p><p class=""0""><span>신청페이지 첨부파일</span></p></td><td valign=""middle""><p class=""0""><span>✔ </span><span>지원요건 확인 및 개인정보 취급 일체</span></p><p class=""0""><span>※</span><u>본인 직접서명 필수</u><span>입니다!</span><span>​</span></p></td></tr><tr><td valign=""middle""><p class=""0""><span>③ </span><span>주민등록등본</span></p><p class=""0""><span>★</span><span>​</span>7<span>일 이내 발급</span><span>★</span><span>​</span></p></td><td valign=""middle""><p class=""0""><span>정부</span><span lang=""EN-US"">24</span></p><p class=""0""><a href=""http://www.gov.kr""><span lang=""EN-US"">www.gov.kr</span></a></p></td><td valign=""middle""><p class=""0""><span>✔ </span><span>부산광역시 주민등록 되어 있는 만 </span><span lang=""EN-US"">18</span><span>세 이상</span></p><p class=""0"">※ <u>열람용 제출 불가</u>합니다!</p><p class=""0"">※ <u>주민등록번호 뒷자리 보이게</u> 제출 부탁드립니다!<span>​</span><span>​</span></p></td></tr><tr><td valign=""middle""><p class=""0""><span>④ </span><span lang=""EN-US"">4</span><span>대보험 가입증명서</span></p><p class=""0""><span>(=4대 사회보험 가입자 가입내역 확인서)</span></p><p class=""0""><span>★</span><span>​</span>7<span>일 이내 발급</span><span>★</span><span>​</span></p></td><td valign=""middle""><p class=""0""><span lang=""EN-US"">4</span><span>대 사회보험 정보연계센터</span></p><p class=""0""><a href=""http://www.4insure.or.kr""><span lang=""EN-US"">www.4insure.or.kr</span></a></p></td><td valign=""middle""><p class=""0""><span>✔ </span><span>정규직 취업일로부터 6</span><span>개월 이내 신청</span></p><p class=""0""><span>※ <u>열람용 제출 불가</u>합니다!</span><span>​</span></p></td></tr><tr><td valign=""middle""><p class=""0""><span>➄ </span><span>사업자등록사실여부 증명서</span></p><p class=""0""><span>★</span><span>​</span>7<span>일 이내 발급</span><span>★</span><span>​</span></p></td><td valign=""middle""><p class=""0""><span>국세청 홈텍스</span></p><p class=""0""><a href=""http://www.hometax.go.kr""><span lang=""EN-US"">www.hometax.go.kr</span></a></p></td><td valign=""middle""><p class=""0""><span>✔ 신청자 </span><span>사업자등록증 미소지 여부 확인</span></p><p class=""0""><span>※ <u>열람용 제출 불가</u>합니다!</span><span>​</span><span>​</span></p></td></tr><tr><td valign=""middle""><p class=""0""><span>➅ </span><span>사업장 총괄카드</span></p></td><td valign=""middle""><p class=""0""><span>기업체</span><span>▶</span></p><p class=""0""><span>근로복지공단</span></p><p class=""0""><span>고용산재보험 토탈서비스</span></p><p class=""0""><a href=""https://total.comwel.or.kr/""><span lang=""EN-US"">https://total.comwel.or.kr/</span></a></p></td><td valign=""middle""><p><span>​</span><span>★</span>발급방법<span>★</span><span>​</span></p><p><b></b><span>①</span><span>고용산재보험 토탈서비스 ""사업장""으로 로그인 &gt; </span></p><p><span>②</span>​<span>​상단 메뉴 ""정보조회""&gt;</span><span>③</span><span>​""</span><span>보험가입정보조회""&gt;</span></p><p><span>④</span><span>​</span><span>​""</span><span>사업장 총괄카드 조회""&gt;⑤우측 상단 </span><span>""</span><span>화면인쇄""</span></p><p><span>​</span></p><p><span>✔</span>​ <span>부산 소재 관광</span><span lang=""EN-US"">·</span><span>마이스 기업 직접 채용</span></p><p class=""0""><span>※  </span><span>여행업</span><span lang=""EN-US"">,  </span><span>관광숙박업</span><span lang=""EN-US"">,  </span><span>면세점업</span><span lang=""EN-US"">,  </span><span>전시</span><span lang=""EN-US"">·</span><span>국제회의업</span><span lang=""EN-US"">,  </span><span>유원시설업</span></p></td></tr><tr><td rowspan=""4"" valign=""middle""><p class=""0""><span>별도</span></p><p class=""0""><span lang=""EN-US"">(</span><span>해당 시</span><span lang=""EN-US"">)</span></p></td><td valign=""middle""><p class=""0""><span>계약직 근로계약서</span></p></td><td valign=""middle""><p class=""0""><span>기업체</span></p></td><td valign=""middle""><p class=""0""><span lang=""EN-US"">(</span><span>정규직 전환자</span><span lang=""EN-US"">)</span><span>계약직 입사 후 </span><span lang=""EN-US"">6</span><span>개월 이내 정규직 </span><span>전환</span></p></td></tr><tr><td valign=""middle""><p class=""0""><span>졸업예정확인서 등 </span></p><p class=""0""><span>학력사항 입증서류</span></p></td><td valign=""middle""><p class=""0""><span>학교</span></p></td><td valign=""middle""><p class=""0""><span lang=""EN-US"">(</span><span>졸업 예정자</span><span lang=""EN-US"">)</span><span>고등학교 또는 대학교 졸업예정</span></p><p class=""0""><span>※ </span><span>졸업자는 입증서류 필수제출 아님</span></p></td></tr><tr><td valign=""middle""><p class=""0""><span>관광사업자등록증 또는 전시사업자등록증</span></p></td><td valign=""middle""><p class=""0""><span>자치단체</span></p></td><td valign=""middle""><p class=""0""><span lang=""EN-US"">(</span><span>총괄카드 상 업종 미확인 기업</span><span lang=""EN-US"">)</span><span>관광</span><span lang=""EN-US"">·</span><span>마이스 업종</span><span>확인</span></p></td></tr><tr><td valign=""middle""><p class=""0""><span>휴업</span><span lang=""EN-US"">(</span><span>또는 폐업</span><span lang=""EN-US"">) </span><span>사실 증명서</span></p></td><td valign=""middle""><p class=""0""><span>국세청 홈텍스</span></p><p class=""0""><a href=""http://www.hometax.go.kr""><span lang=""EN-US"">www.hometax.go.kr</span></a></p></td><td valign=""middle""><p class=""0""><span lang=""EN-US"">(</span><span>사업자등록증 소지자</span><span lang=""EN-US"">) </span><span>사업 미운영 확인</span></p></td></tr></tbody></table><p class=""0""><u><span>○ </span></u><u><span>신청 기간 </span></u><u><span lang=""EN-US"">: 2024. 3. 18.(</span></u><u><span>월</span></u><u><span lang=""EN-US"">) ~ 11. 30.(</span></u><u><span>토</span></u><u><span lang=""EN-US"">)</span></u></p><p class=""0""><span>※ </span><span>정규직취업일로부터</span><u><b>6</b></u><u><b>개월이내</b></u> 사업 신청<span>​</span></p><p class=""0""><span>○ </span><span>지원 규모 </span>: <b>125</b><span>명</span> <span>※</span>예산범위 내 인원 소진 시 까지 (<b>1유형은 선착순 마감</b>되었습니다. 다만, <b>신청하시면 예비번호를 부여받게 되며 예산 증액 등 인원 조정시 예비순위대로 선발예정</b>입니다. <b>※상황에 따라 선발되지 않을 수 있습니다</b>.)</p><p class=""0""><span>○ </span><span>신청 방법 </span><span lang=""EN-US"">: </span><span>아래 </span><span lang=""EN-US"">‘</span><span>신청하기</span><span lang=""EN-US"">’ </span><span>버튼 클릭 후 서류 제출</span></p><p class=""0""><span>○ </span><span>지원 대상 </span><span lang=""EN-US"">: </span><span>부산 소재 관광</span><span lang=""EN-US"">·</span><span>마이스</span><span lang=""EN-US"">* </span><span>기업에 </span><span>′</span><span lang=""EN-US"">24. 2. 26.(</span><span>월</span><span lang=""EN-US"">) </span><span>이후</span><span>소정근로시간 주 </span><span lang=""EN-US"">30</span><span>시간 이상 정규직으로 취업한 부산시 거주자 </span><span lang=""EN-US"">(</span><span>만 </span><span lang=""EN-US"">18</span><span>세 이상</span><span lang=""EN-US"">)</span></p><p class=""0""><span lang=""EN-US"">* </span><span>관광</span><span>‧</span><span>마이스분야 지원업종 기준</span></p><p class=""0""><span>①</span><span>여행업 </span><span>②</span><span>관광숙박업 </span><span>③</span><span>면세점업 </span><span>④</span><span>전시</span><span lang=""EN-US"">·</span><span>국제회의업 </span><span>⑤</span><span>유원시설업</span></p><p class=""0""><span lang=""EN-US"">  ** </span><span>사업장 총괄카드 상 업종코드가 지원업종에 해당하지 않더라도 아래에 해당하는 기업</span></p><p class=""0""><span lang=""EN-US"">- </span><span>관광</span><span lang=""EN-US"">·</span><span>마이스 관련 협회 및 단체 회원사인 사업장</span></p><p class=""0""><span lang=""EN-US"">- </span><span>자치단체에서 관광사업자등록증</span><span lang=""EN-US"">, </span><span>전시사업자등록증 발급받은 사업장</span></p><p class=""0""><span>○ </span><span>지원 내용 </span><span lang=""EN-US"">: </span><span>정규직 취업 후 </span><span lang=""EN-US"">1</span><span>년 근속 시 최대 </span><u><span lang=""EN-US"">300</span><span>만원</span></u><span>지원금 지급</span></p><p class=""0""><span>※ </span><span>정규직 취업일 기준 </span><span lang=""EN-US"">3</span><span>개월 근속 유지 확인 후 </span><span lang=""EN-US"">1</span><span>회차 지원금</span><span lang=""EN-US"">(3</span><span>개월 분 </span><span lang=""EN-US"">75</span><span>만원</span><span lang=""EN-US"">)</span><span>을 지급하며</span><span lang=""EN-US"">, </span><span>이후 지원금은 매월 근로자 근속 유지 확인 후 분할 지급</span></p><p class=""0""><span>※ 단, 9월 이후 입사자에 한해 1개월 단위로 지급</span></p><p class=""0""><span>○ </span><span>휴가비 지원 </span><span lang=""EN-US"">: 1</span><span>인당 </span><span lang=""EN-US"">10</span><span>만원 정액 지급</span></p><p class=""0""><span>※ </span><span>아래 조건을 모두 충족하는 경우 특정 시점에 일괄지급</span></p><p class=""0""><span>① </span><span>워크넷을 통해</span><span>알선취업</span>또는 워크넷을 통해 <span>직접 </span><span>입사지원 </span><span>한 자</span></p><p class=""0""><span>② </span><span lang=""EN-US"">3</span><span>일 이상</span><span>휴가를 사용한 자</span><span lang=""EN-US"">(</span><span>관련 증빙자료 제출</span><span lang=""EN-US"">)</span></p><p class=""0""><span>○ </span><span>관련문의 </span><span lang=""EN-US"">: </span><span>부산경제진흥원 동부산 일자리종합센터 </span><span>☎ </span><span lang=""EN-US"">051-669-0613~5</span></p><p class=""0""><span>※ </span><span>자세한 내용은 첨부파일을 참고 바랍니다</span><span lang=""EN-US"">.</span></p><p class=""0""><span>붙임</span><span lang=""EN-US"">1. 2024</span><span>년 관광</span><span lang=""EN-US"">·</span><span>마이스업 플러스 일자리사업 통합 공고문(240722수정)</span></p><p class=""0""><span>붙임</span><span lang=""EN-US"">2. </span><span>부산형 관광</span><span lang=""EN-US"">·</span><span>마이스업 일자리 채움 지원금 사업 신청 서식</span></p>
</div>",,,,,,,0,2,탐구형,1
12,부산일자리정보망,제8회 누구나 들을 수 있는 창업강연,부산광역시 영도구청,2024-09-30 09:00:00,2024-10-08 18:00:00,2024-10-11,2024-10-11,접수마감,기타,https://www.yeongdo.go.kr/00000/00007/00008.web?gcode=1025&idx=323394&amode=view&,051-419-4482,류경숙,영도구 경제산업과,ryu9876@korea.kr,https://www.busanjob.net/03_part/part01_view.asp?idx=17118&page=1&params=search_mode%3DY%26search_save%3DN%26keyword%3D%26kind1_type%3DP%26kind1_type_k%3DP%26kind2_type%3DJP04%26kind2_type%3DJP05%26kind2_type_k%3DJP04%252CJP05,,,,,,,,0,2,탐구형,17
13,부산평생교육정보망,19.[주말 가족특강] 우리가족 크리스마스 케이크 만들기(2호),서구평생학습관,2024-09-24,2024-10-13,2024-12-21,2024-12-21,접수중,온라인,https://www.bsseogu.go.kr/edu/index.bsseogu?el_code=1668&menuCd=DOM_000000703001004000,051-240-4044,,,,,,,무료,관련링크 참조,10.0,서구평생학습관,수강료 지원,0,1,현실형,16
14,부산평생교육정보망,[가족] 즐거운 크리스마스 쿠키 만들기,사하구평생학습관,2024-08-22,2024-12-14,2024-12-21,2024-12-21,접수중,온라인,http://www.saha.go.kr/reserve/lecture/view.do?lecType=1&amp;mId=0101000000&amp;seq=5650,051-220-5546~8,,,,,,"한선녀,강대선",무료,Offline (오프라인),20.0,사하구평생학습관,수강료 미지원,0,1,현실형,10
15,부산평생교육정보망,17.[야간특강] 2025년 부동산 전망과 전략,서구평생학습관,2024-09-24,2024-10-13,2024-12-12,2024-12-12,접수중,온라인,https://www.bsseogu.go.kr/edu/index.bsseogu?el_code=1666&menuCd=DOM_000000703001004000,051-240-4044,,,,,,,무료,관련링크 참조,30.0,서구평생학습관,수강료 지원,0,5,진취형,16
16,부산평생교육정보망,(12/6) 크리스마스 수제종이 오브제 모빌 DIY,북구평생학습관,2024-08-16,2024-11-29,2024-12-06,2024-12-06,접수중,온라인,https://www.bsbukgu.go.kr/reservation/index.bsbukgu?menuCd=DOM_000001801002000000&mode=view&programIdx=2447,,,,,,,,유료,Offline (오프라인),15.0,만덕도서관 강좌실,수강료 미지원,0,3,예술형,15
17,부산평생교육정보망,(12/5) 마음챙김으로 스트레스 다스리기,북구평생학습관,2024-08-16,2024-11-28,2024-12-05,2024-12-05,접수중,온라인,https://www.bsbukgu.go.kr/reservation/index.bsbukgu?menuCd=DOM_000001801002000000&mode=view&programIdx=2446,,,,,,,,무료,Offline (오프라인),15.0,만덕도서관 다목적실,수강료 미지원,0,4,사회형,15
18,부산평생교육정보망,16.[야간특강] TV광고로 재미있게 배우는 보험,서구평생학습관,2024-09-24,2024-10-13,2024-12-05,2024-12-05,접수중,온라인,https://www.bsseogu.go.kr/edu/index.bsseogu?el_code=1665&menuCd=DOM_000000703001004000,051-240-4044,,,,,,,무료,관련링크 참조,30.0,서구평생학습관,수강료 지원,0,5,진취형,16
19,부산평생교육정보망,15.[야간특강] 대한민국은 왜 아파트인가,서구평생학습관,2024-09-24,2024-10-13,2024-11-28,2024-11-28,접수중,온라인,https://www.bsseogu.go.kr/edu/index.bsseogu?el_code=1664&menuCd=DOM_000000703001004000,051-240-4044,,,,,,,무료,관련링크 참조,30.0,서구평생학습관,수강료 지원,0,4,사회형,16
20,부산평생교육정보망,11월 27일 들락날락 유아과학교실 &lt;미니 현미경 관찰&gt; 단체,영도구평생학습관,2024-08-13,2024-11-18,2024-11-27,2024-11-27,접수중,온라인,https://www.yeongdo.go.kr/01791.web?amode=view&idx=2857,051-419-4834,,,,,,,무료,Offline (오프라인),1.0,지하1층 지혜+(강의실),수강료 미지원,0,5,진취형,17
21,부산평생교육정보망,[장애인식개선교육] (11/26) 시각장애 공감하기,북구평생학습관,2024-09-30,2024-11-22,2024-11-26,2024-11-26,접수중,온라인,https://www.bsbukgu.go.kr/reservation/index.bsbukgu?menuCd=DOM_000001801002000000&mode=view&programIdx=2470,051-309-6172,,,,,,,무료,Offline (오프라인),12.0,만덕도서관 3층 회의실,수강료 미지원,0,4,사회형,15
22,부산평생교육정보망,14.[야간특강] 주식 초보자도 쉽게 배우는 주식이야기,서구평생학습관,2024-09-24,2024-10-13,2024-11-21,2024-11-21,접수중,온라인,https://www.bsseogu.go.kr/edu/index.bsseogu?el_code=1663&menuCd=DOM_000000703001004000,051-240-4044,,,,,,,무료,관련링크 참조,30.0,서구평생학습관,수강료 지원,0,5,진취형,16
