id,source,company,title,subtitle,salary,signup_date,due_date,region_name,career,education,work_type,work_category,link,contact,views,work_hours,details,email,certification,preference_id,region_id
1,국민 일자리 벼룩시장,오미정아구찜,주방보조(설거지) 구합니다 (매주월요일휴무),,회사내규에 따름,2024-10-10,2999-12-31,부산 북구 용당로15번길 21,무관,무관, 위촉직,주방·주방보조·설거지,http://www.findjob.co.kr/job/view/0113167050094094/WJ010310/,010-4143-6532,0,12:00~21:00,"<iframe src=""/job/include/2018/RanderPage/AdDetail/AdLoad_DetailInfoIFrame.asp?LineAdID=113167050&amp;InputBranch=94&amp;LayoutBranch=94&amp;AdKind=L&amp;AdGbn=PaperJob&amp;PageMode=FrontAdDetail"" width=""930"" height=""794px"" frameborder=""0"" scrolling=""no"" name=""DetailFrame"" id=""DetailFrame""></iframe><!-- 180918 수정 --> <div id=""printdetail""></div>",,,,15
2,국민 일자리 벼룩시장,부자집돼지국밥,홀서빙 모집,,회사내규에 따름,2024-10-10,9999-01-01,부산 기장군 정관읍 구연방곡로 7-1,무관,무관, 위촉직,서빙·포장,http://www.findjob.co.kr/job/view/0113167071094094/WJ010310/,010-3558-0857 문자문의,0,09:00~21:00 휴게시간 포함,"<iframe src=""/job/include/2018/RanderPage/AdDetail/AdLoad_DetailInfoIFrame.asp?LineAdID=113167071&amp;InputBranch=94&amp;LayoutBranch=94&amp;AdKind=L&amp;AdGbn=PaperJob&amp;PageMode=FrontAdDetail"" width=""930"" height=""1361px"" frameborder=""0"" scrolling=""no"" name=""DetailFrame"" id=""DetailFrame""></iframe><!-- 180918 수정 --> <div id=""printdetail""></div>",,,,2
3,국민 일자리 벼룩시장,서천식당,"부산 만덕, 세종 도로공사 반찬하실분,반찬보조",,회사내규에 따름,2024-10-10,2999-12-31,부산 북구 구만덕로 38,무관,무관, 위촉직,"주방·주방보조·설거지, 주방장·조리사, 요리·서빙 기타",http://www.findjob.co.kr/job/view/0113166516094094/WJ010310/,010-6212-6990,0,"협의가능 협의가능, 휴게시간 포함","<iframe src=""/job/include/2018/RanderPage/AdDetail/AdLoad_DetailInfoIFrame.asp?LineAdID=113166516&amp;InputBranch=94&amp;LayoutBranch=94&amp;AdKind=L&amp;AdGbn=PaperJob&amp;PageMode=FrontAdDetail"" width=""930"" height=""1471px"" frameborder=""0"" scrolling=""no"" name=""DetailFrame"" id=""DetailFrame""></iframe><!-- 180918 수정 --> <div id=""printdetail""></div>",,,,15
4,국민 일자리 벼룩시장,올리브푸드,구내식당 조리원 오전11시~오후8시 주6일 월250만,,"2,500,000원",2024-10-10,2999-12-31,부산 금정구 동현로 121,경력,무관," 계약직, 아르바이트(파트타임)","주방·주방보조·설거지, 요리·서빙 기타",http://www.findjob.co.kr/job/view/0113166959094094/WJ010310/,010-2336-6543,0,11:00~20:00 휴게시간 포함,"<iframe src=""/job/include/2018/RanderPage/AdDetail/AdLoad_DetailInfoIFrame.asp?LineAdID=113166959&amp;InputBranch=94&amp;LayoutBranch=94&amp;AdKind=L&amp;AdGbn=PaperJob&amp;PageMode=FrontAdDetail"" width=""930"" height=""1357px"" frameborder=""0"" scrolling=""no"" name=""DetailFrame"" id=""DetailFrame""></iframe><!-- 180918 수정 --> <div id=""printdetail""></div>",,,,13
5,국민 일자리 벼룩시장,삼오농산,매장 직원모집(주부가능),,회사내규에 따름,2024-10-10,2999-12-31,부산 부산진구 부전로158번길 47,무관,무관," 위촉직, 프리랜서","마트·슈퍼, 축산·청과·농수산, 대형마트·유통점",http://www.findjob.co.kr/job/view/0113165851094094/WJ010310/,010-8904-4089,0,협의가능 협의가능,"<iframe src=""/job/include/2018/RanderPage/AdDetail/AdLoad_DetailInfoIFrame.asp?LineAdID=113165851&amp;InputBranch=94&amp;LayoutBranch=94&amp;AdKind=L&amp;AdGbn=PaperJob&amp;PageMode=FrontAdDetail"" width=""930"" height=""1371px"" frameborder=""0"" scrolling=""no"" name=""DetailFrame"" id=""DetailFrame""></iframe><!-- 180918 수정 --> <div id=""printdetail""></div>",,,,9
6,국민 일자리 벼룩시장,영진식당,국밥집 홀서빙 주5일 교대휴무 월300만,,"3,000,000원",2024-10-10,2999-12-31,부산 사하구 하신번영로157번길 39,무관,무관, 정규직,"요리·서빙 기타, 서빙·포장",http://www.findjob.co.kr/job/view/0113159603094094/WJ010310/,010-7127-2900,0,"09:00~21:30 협의가능, 휴게시간 포함","<iframe src=""/job/include/2018/RanderPage/AdDetail/AdLoad_DetailInfoIFrame.asp?LineAdID=113159603&amp;InputBranch=94&amp;LayoutBranch=94&amp;AdKind=L&amp;AdGbn=PaperJob&amp;PageMode=FrontAdDetail"" width=""930"" height=""1012px"" frameborder=""0"" scrolling=""no"" name=""DetailFrame"" id=""DetailFrame""></iframe><!-- 180918 수정 --> <div id=""printdetail""></div>",,,,10
7,국민 일자리 벼룩시장,나무늘보 호텔,카운터 직원 경력자 월10일근무,,회사내규에 따름,2024-10-10,2999-12-31,부산 사상구 사상로211번길 28,년수무관,무관, 위촉직,"서비스 기타, 모텔·호텔·숙박",http://www.findjob.co.kr/job/view/0113166503094094/WJ010310/,051-317-7337,0,"협의가능 협의가능, 24시간","<iframe src=""/job/include/2018/RanderPage/AdDetail/AdLoad_DetailInfoIFrame.asp?LineAdID=113166503&amp;InputBranch=94&amp;LayoutBranch=94&amp;AdKind=L&amp;AdGbn=PaperJob&amp;PageMode=FrontAdDetail"" width=""930"" height=""1215px"" frameborder=""0"" scrolling=""no"" name=""DetailFrame"" id=""DetailFrame""></iframe><!-- 180918 수정 --> <div id=""printdetail""></div>",,,,4
8,국민 일자리 벼룩시장,주식회사 하나로푸드,(부산 하나로푸드) 마트 정육파트사원 교대근무가능하신분,,"9,860원",2024-10-10,2999-12-31,부산 부산진구 엄광로 37,무관,무관, 위촉직,"마트·슈퍼, 축산·청과·농수산, 유통·판매 기타",http://www.findjob.co.kr/job/view/0113166496094094/WJ010310/,010-8228-2682,0,협의가능 협의가능,"<iframe src=""/job/include/2018/RanderPage/AdDetail/AdLoad_DetailInfoIFrame.asp?LineAdID=113166496&amp;InputBranch=94&amp;LayoutBranch=94&amp;AdKind=L&amp;AdGbn=PaperJob&amp;PageMode=FrontAdDetail"" width=""930"" height=""1299px"" frameborder=""0"" scrolling=""no"" name=""DetailFrame"" id=""DetailFrame""></iframe><!-- 180918 수정 --> <div id=""printdetail""></div>",,,,9
9,국민 일자리 벼룩시장,선식품,닭고기 단순가공작업 직원모집,,"9,860원 이상",2024-10-10,9999-01-01,부산 금정구 동천로7번길 34-9,무관,무관, 정규직,"생산·제조·조립·인쇄, 농수산물 가공·식품 제조, 포장·검사",http://www.findjob.co.kr/job/view/0113149442094094/WJ010310/,010-3556-8058 문자문의,0,08:30~17:30 휴게시간 포함,"<iframe src=""/job/include/2018/RanderPage/AdDetail/AdLoad_DetailInfoIFrame.asp?LineAdID=113149442&amp;InputBranch=94&amp;LayoutBranch=94&amp;AdKind=L&amp;AdGbn=PaperJob&amp;PageMode=FrontAdDetail"" width=""930"" height=""1326px"" frameborder=""0"" scrolling=""no"" name=""DetailFrame"" id=""DetailFrame""></iframe><!-- 180918 수정 --> <div id=""printdetail""></div>",,,,13
10,부산경영자총협회,동래정화(주),동래정화,,최저시급 이상 (협의),2024-10-04,9999-01-01,부산 동래구,,, ,경리사무원 (전화응대 및 경리) ,https://bsefapp.co.kr/board/joboffer/details/?schCode=KODT000000000359&page=1,문의 051)647-5186,42,월~금 09:00 - 16:00 휴게시간 12:00 - 13:00 식대 별도,,bngguy@naver.com,,,3
11,부산경영자총협회,모두랑,모두랑,제조단순종사자 구인 공고,최저시급 이상 (협의),2024-09-24,9999-01-01,부산 강서구,,, ,제조단순종사자 ,https://bsefapp.co.kr/board/joboffer/details/?schCode=KODT000000000357&page=1,문의 051)647-5186,83,월~금 09:00 - 16:00 휴게시간 11:30 - 13:00 점심 제공,,modurangfood@hanmail.net,,,7
12,부산경영자총협회,포코중공업,포코중공업,특수용접기능사 구인 공고 (자격필수),월급 350-400만원(협의),2024-09-09,9999-01-01,부산 사하구,,, ,특수용접기능사 (알곤용접) ,https://bsefapp.co.kr/board/joboffer/details/?schCode=KODT000000000356&page=1,문의 051)647-5186,540,월~금 08:00 - 17:00 휴게시간 12:00 - 13:00 점심 제공,,pokos@pokorea.net,,,10
13,부산경영자총협회,"[채용마감] SL글로벌 - 자동차운전원 구인 공고 (사상구) (남자,운전필수)",SL글로벌,"자동차운전원 구인 공고 (남자,운전필수)",월급 206만원,2024-08-23,9999-01-01,부산 사상구,,, ,"자동차 운전원 (거래처 납품 및 관리), 현장관리 ",https://bsefapp.co.kr/board/joboffer/details/?schCode=KODT000000000355&page=1,문의 051)647-5186,150,월~금 08:30 - 18:00 휴게시간 12:00 - 13:00 점심 제공,,magiclie@hanmail.net,,,4
14,부산경영자총협회,숲사랑어린이집,숲사랑어린이집,어린이집 조리사 구인 공고,월급 154만원,2024-08-14,9999-01-01,부산 동래구,,, ,어린이집 조리사 ,https://bsefapp.co.kr/board/joboffer/details/?schCode=KODT000000000354&page=1,문의 051)647-5186,131,월~금 08:30 - 15:00 (휴게시간 12:00 - 12:30),,magiclie@hanmail.net,,,3
15,부산경영자총협회,아쿠아셀(주),아쿠아셀,,월급 200만원 이상 (협의),2024-08-09,9999-01-01,부산 강서구,,, ,환경기계설비 연구개발 및 공사 프로젝트 매니저 업무 수행,https://bsefapp.co.kr/board/joboffer/details/?schCode=KODT000000000352&page=1,문의 051)647-5186 ,165,월~금 08:00-17:00 휴게시간 12:00-13:00,,parkjmdes@naver.com,,,7
16,부산경영자총협회,웰니스병원,웰니스병원,기타보건의료종사원 구인 공고,최저시급,2024-08-09,9999-01-01,부산 연제구,,, ,"기타 보건의료 종사원 의료기구 및 병실 베드 관리, 환자 이동 및 보조 ",https://bsefapp.co.kr/board/joboffer/details/?schCode=KODT000000000351&page=1,문의 051)647-5186 ,352,주 6일 40시간 (스케줄 협의),,uwellness@daum.net,,,11
17,부산경영자총협회,수요양병원,수요양병원,조리사 구인 공고,월금 260만원 (협의),2024-08-08,9999-01-01,부산 부산진구,,, ,조리사,https://bsefapp.co.kr/board/joboffer/details/?schCode=KODT000000000350&page=1,문의 051)647-5186 ,124,주 5일 06:00-18:00 (협의),,soo11915@naver.com,,,9
18,부산경영자총협회,[채용마감] 효성프라요양병원 - 간호조무사 구인 공고 (사상구),효성프라요양병원,간호조무사 구인 공고,최저임금 이상 (협의),2024-08-06,9999-01-01,부산 사상구,,, ,간호조무사,https://bsefapp.co.kr/board/joboffer/details/?schCode=KODT000000000349&page=1,문의 051)647-5186 ,154,월~일 3교대 근무,,ppaarrkk77@daum.net,,,4
19,고용24,(주)목평인력개발,(주)목평인력개발 가야동 아파트 경비원 모집,,월급 236만원 이상,2024-10-10,2024-10-24,"부산광역시 부산진구 가야공원로 41, .. (가야동, 가야반도보라빌)",관계없음,학력무관,주 4일 근무 (주 소정근로시간: 40시간) ,경비 및 경호 서비스업,https://www.work.go.kr/empInfo/empInfoSrch/detail/empDetailAuthView.do?searchInfoType=VALIDATION&callPage=&wantedAuthNo=KJBH002410100007&rtnTarget=list1&pageIndex=1&rtnUrl=?,051-605-6403,18,,"<td> [2024.10.15(화) 부산진구 채용박람회 간접참가업체] (주)목평인력개발 가야동 아파트 경비원 모집<br/><br/>* 아파트 경비 업무<br/>- 가야반도보라빌아파트<br/>- 근무시간 : 06:30~익일06:30 (격일) <br/>- 급여 : 2,365,470원<br/><br/>문의사항은 부산진구청 취업정보센터로 전화주세요 ☎051-605-6403<br/><br/>다만, 실제 서비스 제공기간에 따라 임금을 계산하여 지급하는 형태로 채용 시 근로자마다 주 소정근로시간이나 임금, 근무(예정)지 등에 차이가 있을 수 있습니다.<br/>** 타기관 알선 비희망/ 타기관 연계 비희망 **<br/>** 팩스, 이메일 입사지원시 지원하는 회사명을 기재바랍니다 **<br/><br/>「2024 부산진구청 채용박람회」<br/>▶ 일 시 : 2024. 10. 15. (화) 14:00~16:00<br/>▶ 장 소 : 부산시민공원 시민사랑채 내 백산홀<br/>▶ 내 용 : 채용관, 취업지원관, 이벤트관 운영<br/> - 구직자 참가신청 및 현장면접(채용), 일자리정보 제공, 취업상담<br/> - 부대행사(증명사진 촬영, 지문적성검사, 헤어메이크업, 취업컨설팅)<br/><br/>※ 부산시민공원 백산홀 찾아오시는 길 ※ <br/>▶ 시민공원북2문기준: 버스 179번,33번,44번,63번,506번<br/>▶√전화√이메일 √팩스 √방문접수 모두 가능 팩스: 051-605-6429 / 이메일: busanjinjob@korea.kr)<br/>▶√방문 [2024.10.15. (화)] 부산진구 채용박람회에 이력서 지참하여 (부산시민공원 백산홀 14:00-16:00) 현장지원 바랍니다. </td>",,관계없음 ,,9
20,고용24,한아름재가복지센터,재가요양보호사 모집,,"시급 9,860원 이상",2024-10-10,2024-10-24,"부산광역시 해운대구 좌동순환로 252 (좌동, 대원아파트)",관계없음,학력무관,주 6일 근무 ,사회복지 상담서비스 제공업,https://www.work.go.kr/empInfo/empInfoSrch/detail/empDetailAuthView.do?searchInfoType=VALIDATION&callPage=&wantedAuthNo=KJBD002410100005&rtnTarget=list2&pageIndex=1&rtnUrl=?,,11,,"<td> [ 한아름재가복지센터 재가요양보호사 모집 ]<br/>- 근무지: 해운대구 좌동순환로 252, 대원아파트 (해운대백병원 앞)<br/>- 4등급 69세 남자 어르신 (독거)<br/>- 식사 및 일상가사도움(반찬 신경 써 주실 분 선호)<br/>- 주 6일, 15:00~18:00 (월24회) <br/>- 시급: 12,500원 (수당포람)<br/>- 접수방법 : 전화 후 접수 문의- 이력서, 요양보호사자격증(필수)<br/>- 문의 : 051-903-1368 /010-6336-1368<br/><br/>*실제 서비스 제공기간에 따라 임금을 계산하여 지급하는 형태로 채용시 근로자 마다 주 소정근로시간이나 임금, 근무(예정)지 등에 차이가 있을 수 있음. </td>",,요양보호사1급(필수),,12
21,고용24,까르르재가복지센터,<다대동> 까르르재가복지센터 요양보호사 모집,,"시급 9,860원 이상",2024-10-10,2024-10-24,"부산광역시 사하구 다대로429번길 20, . (다대동, 삼환아파트)",관계없음,학력무관,주 5일 근무 (주 소정근로시간: 15시간) ,방문 복지서비스 제공업,https://www.work.go.kr/empInfo/empInfoSrch/detail/empDetailAuthView.do?searchInfoType=VALIDATION&callPage=&wantedAuthNo=KF10112410100006&rtnTarget=list3&pageIndex=1&rtnUrl=?,051-240-3564,11,,"<td> 까르르재가복지센터에서 아래와 같이 요양보호사를 채용하고자 하오니 많은 응모 바랍니다.<br/><br/>-아래-<br/>1. 공고기간(24.10.10~10.24)<br/>2. 3등급 할머니(독거)<br/>3. 부산 사하구 다대동<br/>4. 주5일 근무 - 9:00~12:00 주5일<br/>5. 가사도움 위주, 일상생활도움<br/>6. 급여 : 제수당포함 12,500원<br/><br/>*지원문의 051-240-3564 </td>",,요양보호사(필수),,10
22,고용24,스마일시니어맘재가방문요양센터,(재송동) 4등급 67세 여자어르신 요양보호사 구인,,"시급 13,000원 이상",2024-10-10,2024-10-24,"부산광역시 해운대구 해운대로81번길 137 (재송동, 재송현대아파트)",관계없음,학력무관,주 3일 근무 (주 소정근로시간: 9시간) ,노인 요양 복지시설 운영업,https://www.work.go.kr/empInfo/empInfoSrch/detail/empDetailAuthView.do?searchInfoType=VALIDATION&callPage=&wantedAuthNo=KF10932410100005&rtnTarget=list4&pageIndex=1&rtnUrl=?,,15,,"<td> *요양보호사*<br/><br/>-해운대구 재송동 재송현대아파트<br/>-67세 4등급 여자어르신(독거)<br/>-신체활동, 정서지원 등 <br/>-근무시간 : 08:30-11:30 /주3일, 3시간<br/>-시급 13,000원<br/>-연락처 : 051-781-7818<br/> </td>",,요양보호사1급(필수),,12
23,고용24,주식회사 더파티플러스 서면지점,부산더파티 행사보조업무,,"시급 9,860원 이상",2024-10-10,2024-10-24,"부산광역시 부산진구 신천대로 252, (부암동, 일성인포아파트) (부암동, 상가동)",관계없음,학력무관,주 2일 근무 (주 소정근로시간: 16시간) ,한식 일반 음식점업,https://www.work.go.kr/empInfo/empInfoSrch/detail/empDetailAuthView.do?searchInfoType=VALIDATION&callPage=&wantedAuthNo=KEC0052410100003&rtnTarget=list5&pageIndex=1&rtnUrl=?,,13,,"<td> [부산외식1등 더파티에서 시니어 직원을 채용]<br/><br/>부산더파티 뷔페 행사보조업무 모집<br/>-업무 : 웨딩행사시 뷔페운영보조업무<br/>-식사 홀내 정리, 기물관리, 주차안내 등<br/>-경력무관, 신입지원가능<br/>-주말 2일, 8:30-17:00, 시급 9860원<br/><br/>*행사에 따른 업무시간 변동 있음<br/>*더파티 타지점으로 배치도 가능<br/> </td>",,관계없음 ,,9
24,고용24,(주)모시미노인복지센터,입주요양보호사 구인,,"시급 9,860원 이상",2024-10-10,2024-10-24,"부산광역시 연제구 해맞이로 23 (거제동, 거제유림아시아드)",관계없음,학력무관,주 6일 근무 ,노인 요양 복지시설 운영업,https://www.work.go.kr/empInfo/empInfoSrch/detail/empDetailAuthView.do?searchInfoType=VALIDATION&callPage=&wantedAuthNo=KJBN002410100003&rtnTarget=list6&pageIndex=1&rtnUrl=?,,41,,"<td> [거제동] 입주요양보호사 구인 <br/> <br/>- 4등급/할아버지/85세/배우자함께 생활<br/>- 주 18시간은 센터에서 급여제공, 나머지는 대상자 부담<br/>- 근무지: 거제동 거제유림아시아드 아파트 <br/>- 급여: 380만원 (주18시간- 시급 9,860원+제수당포함=12,500원) / 오전10~13시 휴게시간 (다른 요양보호사 선생님이 근무함)<br/>- 인지가 약간 낮음, 화장실 사용시 이동도움, 뒷처리 도움 필요 <br/>- 모시미노인복지센터 강인옥사회복지사 010-5513-2644<br/><br/>※실제 서비스 제공기간에 따라 임금을 계산하여 지급하는 형태로 채용시 근로자마다 주 소정근로시간이나 임금, 근무(예정)지 등에 차이가 있을 수 있음<br/><br/><br/> </td>",,요양보호사(필수),,11
25,고용24,(주)대성인더스트리,영업관리자,,월급 250만원 이상,2024-10-10,2024-10-24,"부산광역시 사상구 학장로135번길 9, 대성인더스트리 (학장동)",경력 (최소 1년 0 개월 이상) 우대,학력무관,주 5일 근무 (주 소정근로시간: 40시간) ,신발 부분품 제조업,https://www.work.go.kr/empInfo/empInfoSrch/detail/empDetailAuthView.do?searchInfoType=VALIDATION&callPage=&wantedAuthNo=KJBJ002410100005&rtnTarget=list7&pageIndex=1&rtnUrl=?,,31,,"<td> 본사는 나이키 협력업체로써 영업관리업무자(현황관리 및 영업)를 모집합니다.<br/>- 운전가능자(필수)<br/>- 월~금: (오전) 08:00 ~(오후) 17:00(주5일)<br/>- 휴게시간: 12:00~13:00<br/>- 임금: 250만원 이상(면접시 협의가능)<br/>- 이메일(dae0906@hanmail.net), 방문접수 </td>",,자동차운전면허1종보통(필수),,4
26,고용24,온정재가복지센터,재가요양보호사 채용합니다,,"시급 9,860원 이상",2024-10-10,2024-10-24,"부산광역시 사하구 다대낙조2길 50, . (다대동, 도시몰운대임대아파트)",관계없음,학력무관,주 5일 근무 (주 소정근로시간: 15시간) ,개인 간병 및 유사 서비스업,https://www.work.go.kr/empInfo/empInfoSrch/detail/empDetailAuthView.do?searchInfoType=VALIDATION&callPage=&wantedAuthNo=KJBI002410100001&rtnTarget=list8&pageIndex=1&rtnUrl=?,051-309-5228,57,,"<td> [다대동 도시몰운대 아파트 ]<br/><br/>○ 다대동 도시몰운대 아파트<br/>○ 대상자 : 4등급 / 남자 / 68세/ 독거<br/>○ 근무일시 : 주 5일 / 오후 2:30~5:30 (3~6시로 변경가능)<br/>○ 저녁식사 준비, 청소 등 일상생활 지원 희망<br/>○ 포괄시급: 12,500원 (시급+주휴수당+연차수당 등 제수당 포함)<br/>○ 요양보호사 자격증 필수<br/><br/>* 지원희망시: 051-309-5228<br/><br/>*실제 서비스 제공기간에 따라 임금을 계산하여 지급하는 형태로 채용시 근로자마다 주 소정근로시간이나 임금,근무(예정)지 등에 차이가 있을 수 있음 </td>",,요양보호사(필수),,10
27,고용24,온정재가복지센터,재가요양보호사 채용합니다,,"시급 9,860원 이상",2024-10-10,2024-10-24,"부산광역시 사하구 다대낙조2길 50, . (다대동, 도시몰운대임대아파트)",관계없음,학력무관,주 5일 근무 (주 소정근로시간: 15시간) ,개인 간병 및 유사 서비스업,https://www.work.go.kr/empInfo/empInfoSrch/detail/empDetailAuthView.do?searchInfoType=VALIDATION&callPage=&wantedAuthNo=KJBI002410100001&rtnTarget=list9&pageIndex=1&rtnUrl=?,051-309-5228,57,,"<td> [다대동 도시몰운대 아파트 ]<br/><br/>○ 다대동 도시몰운대 아파트<br/>○ 대상자 : 4등급 / 남자 / 68세/ 독거<br/>○ 근무일시 : 주 5일 / 오후 2:30~5:30 (3~6시로 변경가능)<br/>○ 저녁식사 준비, 청소 등 일상생활 지원 희망<br/>○ 포괄시급: 12,500원 (시급+주휴수당+연차수당 등 제수당 포함)<br/>○ 요양보호사 자격증 필수<br/><br/>* 지원희망시: 051-309-5228<br/><br/>*실제 서비스 제공기간에 따라 임금을 계산하여 지급하는 형태로 채용시 근로자마다 주 소정근로시간이나 임금,근무(예정)지 등에 차이가 있을 수 있음 </td>",,요양보호사(필수),,10
28,고용24,(주)호정라이프,4등급 할머니 재가요양보호사님을 모집합니다.,,"시급 12,500원 ~ 12,500원",2024-10-10,2024-10-24,"부산광역시 사하구 옥천로70번길 119, . (감천동)",경력 (최소 1년 0 개월 이상) 우대,학력무관,주 5일 근무 (주 소정근로시간: 15시간) ,그 외 기타 보건업,https://www.work.go.kr/empInfo/empInfoSrch/detail/empDetailAuthView.do?searchInfoType=VALIDATION&callPage=&wantedAuthNo=KJBK002410100004&rtnTarget=list10&pageIndex=1&rtnUrl=?,051-220-5692,43,,"<td> [감천동] 옥천로70번길 119<br/>- 4등급(89세) 할머니.독거<br/>- 08:30~11:30분 주5일<br/>- 시급 : 12,500원(제수당포함) <br/>- 전반적인 요양보호사업무<br/><br/><br/>*사하구청 일자리지원센터 채용대행중입니다.☎051-220-5692으로 문의바랍니다. </td>",,요양보호사(필수),,10
29,장노년일자리지원센터,기장군보건소 아가맘센터,2024년 기장군보건소 아가맘센터 기간제근로자 채용,,,2024-10-02,2024-10-09,부산 기장군,,,기간제 ,,https://www.busan50plus.or.kr/job/gojob/view?seq=3287,로그인 후 조회가능로그인,0,," 세부내용 1. 공 고 명: 2024년 기장군보건소 아가맘센터 기간제근로자 채용 공고<br/>2. 공고근거: 부산광역시 기장군 기간제근로자 관리규정<br/>3. 공고기간: 2024. 10. 2. ~ 10. 9.<br/>4. 채용기간: 2024. 10. 15.~ 12. 31. (예산 범위 내)<br/>5. 채용인원: 기간제근로자(간호사, 사회복지사 또는 영양사) 1명<br/>6. 세부내용: 공고문<br/><br/>** 문의 : 기장군 보건소 아가맘센터 (☎ 051-709-4865)<br/> ",,,,2
30,장노년일자리지원센터,동래여성인력개발센터,2024년 동래여성새로일하기센터 직업교육훈련 운영지원 전담인력 채용공고,,,2024-10-02,2024-10-18,부산 전체,,,기간제 ,,https://www.busan50plus.or.kr/job/gojob/view?seq=3286,로그인 후 조회가능로그인,0,," 세부내용 동래여성새로일하기센터는 여성 대상 전문 직업교육훈련 및 훈련생 관리, 취업지원 및 새일센터 수반 업무 등을 전담할 운영지원직 사무원을 아래와 같이 공개 모집하오니 관심 있는 분들의 많은 지원 바랍니다.<br style='font-family: ""Noto Sans"", ""Noto Sans KR"", GmarketSans, ""맑은 고딕"", MalgunGothic, sans-serif; color: rgb(102, 102, 102); font-size: 18px; text-wrap: wrap; background-color: rgba(255, 255, 255, 0.8);'/><br style='font-family: ""Noto Sans"", ""Noto Sans KR"", GmarketSans, ""맑은 고딕"", MalgunGothic, sans-serif; color: rgb(102, 102, 102); font-size: 18px; text-wrap: wrap; background-color: rgba(255, 255, 255, 0.8);'/>1. 채용분야 및 선발 예정인원<br style='font-family: ""Noto Sans"", ""Noto Sans KR"", GmarketSans, ""맑은 고딕"", MalgunGothic, sans-serif; color: rgb(102, 102, 102); font-size: 18px; text-wrap: wrap; background-color: rgba(255, 255, 255, 0.8);'/>○ 채용분야 : 교육·훈련사무원<br style='font-family: ""Noto Sans"", ""Noto Sans KR"", GmarketSans, ""맑은 고딕"", MalgunGothic, sans-serif; color: rgb(102, 102, 102); font-size: 18px; text-wrap: wrap; background-color: rgba(255, 255, 255, 0.8);'/>○ 채용인원 : 1명<br style='font-family: ""Noto Sans"", ""Noto Sans KR"", GmarketSans, ""맑은 고딕"", MalgunGothic, sans-serif; color: rgb(102, 102, 102); font-size: 18px; text-wrap: wrap; background-color: rgba(255, 255, 255, 0.8);'/><br style='font-family: ""Noto Sans"", ""Noto Sans KR"", GmarketSans, ""맑은 고딕"", MalgunGothic, sans-serif; color: rgb(102, 102, 102); font-size: 18px; text-wrap: wrap; background-color: rgba(255, 255, 255, 0.8);'/>2. 지원자격<br style='font-family: ""Noto Sans"", ""Noto Sans KR"", GmarketSans, ""맑은 고딕"", MalgunGothic, sans-serif; color: rgb(102, 102, 102); font-size: 18px; text-wrap: wrap; background-color: rgba(255, 255, 255, 0.8);'/>○ 응모자격<br style='font-family: ""Noto Sans"", ""Noto Sans KR"", GmarketSans, ""맑은 고딕"", MalgunGothic, sans-serif; color: rgb(102, 102, 102); font-size: 18px; text-wrap: wrap; background-color: rgba(255, 255, 255, 0.8);'/>- 비영리법인단체, 취업지원기관 사무운영지원 보조경력자<br style='font-family: ""Noto Sans"", ""Noto Sans KR"", GmarketSans, ""맑은 고딕"", MalgunGothic, sans-serif; color: rgb(102, 102, 102); font-size: 18px; text-wrap: wrap; background-color: rgba(255, 255, 255, 0.8);'/>- 직업상담, 직업교육훈련, 사회복지 등 관련 업무 경험자<br style='font-family: ""Noto Sans"", ""Noto Sans KR"", GmarketSans, ""맑은 고딕"", MalgunGothic, sans-serif; color: rgb(102, 102, 102); font-size: 18px; text-wrap: wrap; background-color: rgba(255, 255, 255, 0.8);'/>○ 우대사항<br style='font-family: ""Noto Sans"", ""Noto Sans KR"", GmarketSans, ""맑은 고딕"", MalgunGothic, sans-serif; color: rgb(102, 102, 102); font-size: 18px; text-wrap: wrap; background-color: rgba(255, 255, 255, 0.8);'/>- 직업상담사, 사회복지사, 평생교육사, 직업능력개발훈련교사 자격증 소지자 우대<br style='font-family: ""Noto Sans"", ""Noto Sans KR"", GmarketSans, ""맑은 고딕"", MalgunGothic, sans-serif; color: rgb(102, 102, 102); font-size: 18px; text-wrap: wrap; background-color: rgba(255, 255, 255, 0.8);'/>- 회계업무 가능자 우대<br style='font-family: ""Noto Sans"", ""Noto Sans KR"", GmarketSans, ""맑은 고딕"", MalgunGothic, sans-serif; color: rgb(102, 102, 102); font-size: 18px; text-wrap: wrap; background-color: rgba(255, 255, 255, 0.8);'/><br style='font-family: ""Noto Sans"", ""Noto Sans KR"", GmarketSans, ""맑은 고딕"", MalgunGothic, sans-serif; color: rgb(102, 102, 102); font-size: 18px; text-wrap: wrap; background-color: rgba(255, 255, 255, 0.8);'/>3. 업무내용<br style='font-family: ""Noto Sans"", ""Noto Sans KR"", GmarketSans, ""맑은 고딕"", MalgunGothic, sans-serif; color: rgb(102, 102, 102); font-size: 18px; text-wrap: wrap; background-color: rgba(255, 255, 255, 0.8);'/>- 직업교육훈련 운영 및 훈련생 관리<br style='font-family: ""Noto Sans"", ""Noto Sans KR"", GmarketSans, ""맑은 고딕"", MalgunGothic, sans-serif; color: rgb(102, 102, 102); font-size: 18px; text-wrap: wrap; background-color: rgba(255, 255, 255, 0.8);'/>- 직업교육훈련 취업지원<br style='font-family: ""Noto Sans"", ""Noto Sans KR"", GmarketSans, ""맑은 고딕"", MalgunGothic, sans-serif; color: rgb(102, 102, 102); font-size: 18px; text-wrap: wrap; background-color: rgba(255, 255, 255, 0.8);'/>- 새일센터 수반 업무<br style='font-family: ""Noto Sans"", ""Noto Sans KR"", GmarketSans, ""맑은 고딕"", MalgunGothic, sans-serif; color: rgb(102, 102, 102); font-size: 18px; text-wrap: wrap; background-color: rgba(255, 255, 255, 0.8);'/><br style='font-family: ""Noto Sans"", ""Noto Sans KR"", GmarketSans, ""맑은 고딕"", MalgunGothic, sans-serif; color: rgb(102, 102, 102); font-size: 18px; text-wrap: wrap; background-color: rgba(255, 255, 255, 0.8);'/>4. 전형절차 및 일정<br style='font-family: ""Noto Sans"", ""Noto Sans KR"", GmarketSans, ""맑은 고딕"", MalgunGothic, sans-serif; color: rgb(102, 102, 102); font-size: 18px; text-wrap: wrap; background-color: rgba(255, 255, 255, 0.8);'/>○ 1차 : 서류전형<br style='font-family: ""Noto Sans"", ""Noto Sans KR"", GmarketSans, ""맑은 고딕"", MalgunGothic, sans-serif; color: rgb(102, 102, 102); font-size: 18px; text-wrap: wrap; background-color: rgba(255, 255, 255, 0.8);'/>○ 2차 : 1차 서류전형 합격자에 한하여 수시 개별 통보 면접<br style='font-family: ""Noto Sans"", ""Noto Sans KR"", GmarketSans, ""맑은 고딕"", MalgunGothic, sans-serif; color: rgb(102, 102, 102); font-size: 18px; text-wrap: wrap; background-color: rgba(255, 255, 255, 0.8);'/>○ 최종합격 : 개별 통보 및 홈페이지 공고<br style='font-family: ""Noto Sans"", ""Noto Sans KR"", GmarketSans, ""맑은 고딕"", MalgunGothic, sans-serif; color: rgb(102, 102, 102); font-size: 18px; text-wrap: wrap; background-color: rgba(255, 255, 255, 0.8);'/><br style='font-family: ""Noto Sans"", ""Noto Sans KR"", GmarketSans, ""맑은 고딕"", MalgunGothic, sans-serif; color: rgb(102, 102, 102); font-size: 18px; text-wrap: wrap; background-color: rgba(255, 255, 255, 0.8);'/>5. 근무조건<br style='font-family: ""Noto Sans"", ""Noto Sans KR"", GmarketSans, ""맑은 고딕"", MalgunGothic, sans-serif; color: rgb(102, 102, 102); font-size: 18px; text-wrap: wrap; background-color: rgba(255, 255, 255, 0.8);'/>○ 근무기간 : 채용시부터 2개월간<br style='font-family: ""Noto Sans"", ""Noto Sans KR"", GmarketSans, ""맑은 고딕"", MalgunGothic, sans-serif; color: rgb(102, 102, 102); font-size: 18px; text-wrap: wrap; background-color: rgba(255, 255, 255, 0.8);'/>(*사업예산에 따라 근무기간이 조정될 수 있음)<br style='font-family: ""Noto Sans"", ""Noto Sans KR"", GmarketSans, ""맑은 고딕"", MalgunGothic, sans-serif; color: rgb(102, 102, 102); font-size: 18px; text-wrap: wrap; background-color: rgba(255, 255, 255, 0.8);'/>○ 근무시간 : 월~금 9시~15시 / 주5일 근무 / 주 25시간<br style='font-family: ""Noto Sans"", ""Noto Sans KR"", GmarketSans, ""맑은 고딕"", MalgunGothic, sans-serif; color: rgb(102, 102, 102); font-size: 18px; text-wrap: wrap; background-color: rgba(255, 255, 255, 0.8);'/>○ 급 여 : 월1,370,000원<br style='font-family: ""Noto Sans"", ""Noto Sans KR"", GmarketSans, ""맑은 고딕"", MalgunGothic, sans-serif; color: rgb(102, 102, 102); font-size: 18px; text-wrap: wrap; background-color: rgba(255, 255, 255, 0.8);'/>○ 복리후생 : 4대 보험<br style='font-family: ""Noto Sans"", ""Noto Sans KR"", GmarketSans, ""맑은 고딕"", MalgunGothic, sans-serif; color: rgb(102, 102, 102); font-size: 18px; text-wrap: wrap; background-color: rgba(255, 255, 255, 0.8);'/><br style='font-family: ""Noto Sans"", ""Noto Sans KR"", GmarketSans, ""맑은 고딕"", MalgunGothic, sans-serif; color: rgb(102, 102, 102); font-size: 18px; text-wrap: wrap; background-color: rgba(255, 255, 255, 0.8);'/>6. 응시원서 접수<br style='font-family: ""Noto Sans"", ""Noto Sans KR"", GmarketSans, ""맑은 고딕"", MalgunGothic, sans-serif; color: rgb(102, 102, 102); font-size: 18px; text-wrap: wrap; background-color: rgba(255, 255, 255, 0.8);'/>○ 접수기간 : 2024.10. 02.(수) ~ 채용시까지<br style='font-family: ""Noto Sans"", ""Noto Sans KR"", GmarketSans, ""맑은 고딕"", MalgunGothic, sans-serif; color: rgb(102, 102, 102); font-size: 18px; text-wrap: wrap; background-color: rgba(255, 255, 255, 0.8);'/>○ 접수방법 : 이메일 접수(wwhouse@daum.net) 또는 방문접수<br style='font-family: ""Noto Sans"", ""Noto Sans KR"", GmarketSans, ""맑은 고딕"", MalgunGothic, sans-serif; color: rgb(102, 102, 102); font-size: 18px; text-wrap: wrap; background-color: rgba(255, 255, 255, 0.8);'/>(접수된 서류는 일체 반환되지 않습니다)<br style='font-family: ""Noto Sans"", ""Noto Sans KR"", GmarketSans, ""맑은 고딕"", MalgunGothic, sans-serif; color: rgb(102, 102, 102); font-size: 18px; text-wrap: wrap; background-color: rgba(255, 255, 255, 0.8);'/>○ 담 당 : 이운영 (051-501-8945)<br style='font-family: ""Noto Sans"", ""Noto Sans KR"", GmarketSans, ""맑은 고딕"", MalgunGothic, sans-serif; color: rgb(102, 102, 102); font-size: 18px; text-wrap: wrap; background-color: rgba(255, 255, 255, 0.8);'/><br style='font-family: ""Noto Sans"", ""Noto Sans KR"", GmarketSans, ""맑은 고딕"", MalgunGothic, sans-serif; color: rgb(102, 102, 102); font-size: 18px; text-wrap: wrap; background-color: rgba(255, 255, 255, 0.8);'/>7. 제출서류<br style='font-family: ""Noto Sans"", ""Noto Sans KR"", GmarketSans, ""맑은 고딕"", MalgunGothic, sans-serif; color: rgb(102, 102, 102); font-size: 18px; text-wrap: wrap; background-color: rgba(255, 255, 255, 0.8);'/>1) 입사지원서 1부 (※ 별첨1)<br style='font-family: ""Noto Sans"", ""Noto Sans KR"", GmarketSans, ""맑은 고딕"", MalgunGothic, sans-serif; color: rgb(102, 102, 102); font-size: 18px; text-wrap: wrap; background-color: rgba(255, 255, 255, 0.8);'/>2) 자기소개서 1부 (※ 별첨2)<br style='font-family: ""Noto Sans"", ""Noto Sans KR"", GmarketSans, ""맑은 고딕"", MalgunGothic, sans-serif; color: rgb(102, 102, 102); font-size: 18px; text-wrap: wrap; background-color: rgba(255, 255, 255, 0.8);'/>3) 개인정보 제공동의서 1부 (※ 별첨3)<br style='font-family: ""Noto Sans"", ""Noto Sans KR"", GmarketSans, ""맑은 고딕"", MalgunGothic, sans-serif; color: rgb(102, 102, 102); font-size: 18px; text-wrap: wrap; background-color: rgba(255, 255, 255, 0.8);'/>4) 자격증 사본 (해당자에 한함)<br style='font-family: ""Noto Sans"", ""Noto Sans KR"", GmarketSans, ""맑은 고딕"", MalgunGothic, sans-serif; color: rgb(102, 102, 102); font-size: 18px; text-wrap: wrap; background-color: rgba(255, 255, 255, 0.8);'/>5) 경력증명서 사본 (해당자에 한함)<br style='font-family: ""Noto Sans"", ""Noto Sans KR"", GmarketSans, ""맑은 고딕"", MalgunGothic, sans-serif; color: rgb(102, 102, 102); font-size: 18px; text-wrap: wrap; background-color: rgba(255, 255, 255, 0.8);'/><br style='font-family: ""Noto Sans"", ""Noto Sans KR"", GmarketSans, ""맑은 고딕"", MalgunGothic, sans-serif; color: rgb(102, 102, 102); font-size: 18px; text-wrap: wrap; background-color: rgba(255, 255, 255, 0.8);'/>○ 지원서 작성 시 유의사항<br style='font-family: ""Noto Sans"", ""Noto Sans KR"", GmarketSans, ""맑은 고딕"", MalgunGothic, sans-serif; color: rgb(102, 102, 102); font-size: 18px; text-wrap: wrap; background-color: rgba(255, 255, 255, 0.8);'/>1) 모집분야의 자격기준에 미달하거나 경력 및 자기소개서, 불성실 작성자는 1차 전형단계에<br style='font-family: ""Noto Sans"", ""Noto Sans KR"", GmarketSans, ""맑은 고딕"", MalgunGothic, sans-serif; color: rgb(102, 102, 102); font-size: 18px; text-wrap: wrap; background-color: rgba(255, 255, 255, 0.8);'/>서 ‘탈락′처리<br style='font-family: ""Noto Sans"", ""Noto Sans KR"", GmarketSans, ""맑은 고딕"", MalgunGothic, sans-serif; color: rgb(102, 102, 102); font-size: 18px; text-wrap: wrap; background-color: rgba(255, 255, 255, 0.8);'/>2) 자격요건에 충족되지 않을 경우 서류보완을 요구 할 수 있음<br style='font-family: ""Noto Sans"", ""Noto Sans KR"", GmarketSans, ""맑은 고딕"", MalgunGothic, sans-serif; color: rgb(102, 102, 102); font-size: 18px; text-wrap: wrap; background-color: rgba(255, 255, 255, 0.8);'/>3) 응시원서 작성내용에 대하여는 추후 증빙서류 제출요구 및 사실여부를 조회할 예정이며,<br style='font-family: ""Noto Sans"", ""Noto Sans KR"", GmarketSans, ""맑은 고딕"", MalgunGothic, sans-serif; color: rgb(102, 102, 102); font-size: 18px; text-wrap: wrap; background-color: rgba(255, 255, 255, 0.8);'/>허위의 내용이 작성?제출된 경우 불합격 처리<br style='font-family: ""Noto Sans"", ""Noto Sans KR"", GmarketSans, ""맑은 고딕"", MalgunGothic, sans-serif; color: rgb(102, 102, 102); font-size: 18px; text-wrap: wrap; background-color: rgba(255, 255, 255, 0.8);'/>4) 「개인정보 보호법」에 따라 개인정보, 민감정보 등의 수집?처리에 관한 동의 필수<br style='font-family: ""Noto Sans"", ""Noto Sans KR"", GmarketSans, ""맑은 고딕"", MalgunGothic, sans-serif; color: rgb(102, 102, 102); font-size: 18px; text-wrap: wrap; background-color: rgba(255, 255, 255, 0.8);'/>5) 응시자가 선발 예정인원과 같거나 선발 예정인원 보다 적을 경우 (서류전형 결과 부적격으로 선발예정 인원과 같거나 적은 경우 포함) 재공고 할 수 있으며, 공고문의 내용이 사정에 의하여 변경될 경우에는 면접 실시 전에 사전 공지<br style='font-family: ""Noto Sans"", ""Noto Sans KR"", GmarketSans, ""맑은 고딕"", MalgunGothic, sans-serif; color: rgb(102, 102, 102); font-size: 18px; text-wrap: wrap; background-color: rgba(255, 255, 255, 0.8);'/><br style='font-family: ""Noto Sans"", ""Noto Sans KR"", GmarketSans, ""맑은 고딕"", MalgunGothic, sans-serif; color: rgb(102, 102, 102); font-size: 18px; text-wrap: wrap; background-color: rgba(255, 255, 255, 0.8);'/>8. 기타사항<br style='font-family: ""Noto Sans"", ""Noto Sans KR"", GmarketSans, ""맑은 고딕"", MalgunGothic, sans-serif; color: rgb(102, 102, 102); font-size: 18px; text-wrap: wrap; background-color: rgba(255, 255, 255, 0.8);'/>○ 응시원서나 각종 증명서의 기재사항 착오 및 누락, 구비서류 미제출, 연락 불능 등으로 인한 불이익은 응시자 본인의 책임으로 함<br style='font-family: ""Noto Sans"", ""Noto Sans KR"", GmarketSans, ""맑은 고딕"", MalgunGothic, sans-serif; color: rgb(102, 102, 102); font-size: 18px; text-wrap: wrap; background-color: rgba(255, 255, 255, 0.8);'/>○ 전형결과 적임자가 없을 경우에는 채용하지 않을 수 있음 ",,,,1
31,장노년일자리지원센터,기장군의회,기장군의회 속기 기간제근로자 채용 재공고,,,2024-10-01,2024-10-18,부산 기장군,,,기간제 ,,https://www.busan50plus.or.kr/job/gojob/view?seq=3285,로그인 후 조회가능로그인,0,," 세부내용 부산광역시 기장군의회에서 속기업무를 보조할 기간제근로자를 채용하고자 다음과 같이 모집공고합니다.<br/><br/>○ 공고기간: 2024. 10. 1.(화) ~ 2024. 10. 18.(금)<br/>○ 채용기간: 2024. 11. 1.(금) ~ 2025. 1. 31.(금)<br/>○ 채용인원: 1명<br/>○ 근무내용: 속기업무 보조<br/>○ 채용방법: 서류전형 및 면접심사를 통한 공개채용<br/>○ 원서접수: 인터넷접수 (jjpjh1@korea.kr)<br/>○ 문의사항: 의회사무과 의사팀 (☎051-709-5044)<br/><br/>※ 채용기간, 지원자격, 채용일정 등 기타 세부내용은 첨부된 공고문을 참조하시기 바랍니다. 끝.<br/> ",,,,2
32,장노년일자리지원센터,부산예술회관,부산예술회관 직원 채용공고(경비업무),,,2024-10-09,2024-10-11,부산 전체,,,기간제 ,,https://www.busan50plus.or.kr/job/gojob/view?seq=3284,로그인 후 조회가능로그인,0,," 세부내용 (사)부산예술문화단체총연합회에서는<br/>부산예술회관의 안전 및 주차장 관리 등을 위한 경비업무 담당자를 공개 모집합니다.<br/><br/>채용분야 및 인원, 응시자격, 근무조건, 전형일정 등은 공고문을 참고하시기 바랍니다.<br/><br/>문의 : 631-1377<br/><br/>(사)부산예술문화단체총연합회 회장<br/> ",,,,1
33,장노년일자리지원센터,영도구청,영도 마리노 오토캠핑장 기간제근로자 채용 공고,,,2024-09-30,2024-10-10,부산 영도구,,,기간제 ,,https://www.busan50plus.or.kr/job/gojob/view?seq=3283,로그인 후 조회가능로그인,0,," 세부내용 시설관리(8시간/1명)<br/>* 캠핑장 시설 점검 및 관리<br/>* 캠핑장 이용신청 시스템 입실처리 및 결제<br/>* 캠핑장 내 차량 입/출차 관리<br/>* 캠핑장 수목 전지 및 예초 작업<br/>* 기타 이용자 안전과 편의를 위한 업무 등<br/>환경관리(4시간/1명)<br/>* 카라반 및 캠핑장 부대시설 청소, 정비<br/> ",,,,17
34,장노년일자리지원센터,부산진구청,2024년 가을철 ~ 2025년 봄철 산불방지대책기간 산불방지 기간제근로자 선발 공고,,,2024-10-04,2024-10-08,부산 부산진구,,,기간제 ,,https://www.busan50plus.or.kr/job/gojob/view?seq=3282,로그인 후 조회가능로그인,0,," 세부내용 1. 채용인원 : 53명[산불감시원43(업무보조1 포함), 산불진화대10]<br style='font-family: ""Noto Sans"", ""Noto Sans KR"", GmarketSans, ""맑은 고딕"", MalgunGothic, sans-serif; color: rgb(102, 102, 102); font-size: 18px; text-wrap: wrap; background-color: rgba(255, 255, 255, 0.8);'/>2. 근무기간 : 2024. 11. 1. ~ 2025. 5. 15. ※ 예산 등 사정에 따라 기간 조정<br style='font-family: ""Noto Sans"", ""Noto Sans KR"", GmarketSans, ""맑은 고딕"", MalgunGothic, sans-serif; color: rgb(102, 102, 102); font-size: 18px; text-wrap: wrap; background-color: rgba(255, 255, 255, 0.8);'/>- 1차채용(사역) : 2024. 11. 1. ~ 2025. 5. 15.⇒ 44명[산불감시 36명, 업무보조 1명, 진화대 7명]<br style='font-family: ""Noto Sans"", ""Noto Sans KR"", GmarketSans, ""맑은 고딕"", MalgunGothic, sans-serif; color: rgb(102, 102, 102); font-size: 18px; text-wrap: wrap; background-color: rgba(255, 255, 255, 0.8);'/>- 2차채용(사역) : 2025. 1. 1. ~ 2025. 5. 15. ⇒ 9명(산불감시 6명, 진화대 3명)<br style='font-family: ""Noto Sans"", ""Noto Sans KR"", GmarketSans, ""맑은 고딕"", MalgunGothic, sans-serif; color: rgb(102, 102, 102); font-size: 18px; text-wrap: wrap; background-color: rgba(255, 255, 255, 0.8);'/>3. 원서접수 : 2024. 10. 04.(금) 09:00 ~ 10. 08.(화) 18:00(3일간) ※ 근무시간 내<br style='font-family: ""Noto Sans"", ""Noto Sans KR"", GmarketSans, ""맑은 고딕"", MalgunGothic, sans-serif; color: rgb(102, 102, 102); font-size: 18px; text-wrap: wrap; background-color: rgba(255, 255, 255, 0.8);'/>4. 접수방법 : 부산진구청 취업지원센터(부산진구청 1층)▶ 본인 직접 방문 접수<br style='font-family: ""Noto Sans"", ""Noto Sans KR"", GmarketSans, ""맑은 고딕"", MalgunGothic, sans-serif; color: rgb(102, 102, 102); font-size: 18px; text-wrap: wrap; background-color: rgba(255, 255, 255, 0.8);'/>5. 기 타 : 응시자격, 서류제출 등 자세한 내용은 첨부한 공고문을 참조하여주시기 바라며, 궁금하신 사항은<br style='font-family: ""Noto Sans"", ""Noto Sans KR"", GmarketSans, ""맑은 고딕"", MalgunGothic, sans-serif; color: rgb(102, 102, 102); font-size: 18px; text-wrap: wrap; background-color: rgba(255, 255, 255, 0.8);'/>공원녹지과(605-4542)로 문의바랍니다. ",,,,9
35,장노년일자리지원센터,부산진구청,2025년 개별주택가격산정을 위한 주택특성 조사 기간제근로자 채용 공고,,,2024-09-23,2024-10-11,부산 부산진구,,,기간제 ,,https://www.busan50plus.or.kr/job/gojob/view?seq=3281,로그인 후 조회가능로그인,0,," 세부내용 2025년 개별주택가격산정을 위한 주택특성 조사 기간제근로자를 다음과 같이 채용 공고합니다.<br/><br/>1. 채용분야 : 개별주택특성 조사(기간제 근로자)<br/>2. 공고 및 원서접수 : 2024. 9. 23.(월) ~ 10. 11.(금)<br/>3. 채용기간 및 인원<br/>가. 2024. 11. 1. ~ 2025. 2. 21. (6명)<br/>나. 2024. 11. 1. ~ 2025. 4. 30. (1명)<br/>4. 접수방법 : 방문접수<br/>가. 접수시간 : 09:00 ~ 18:00 *토,일요일 및 중식시간(12:00~13:00) 제외<br/>나. 접수장소 : 부산진구청 세무1과 과표평가계<br/>5. 1차(서류전형)합격자 발표 : 2024. 10. 16.(수)<br/>6. 2차시험(면접심사) : 2024. 10. 21.(월) - 1차 합격자에 한함.<br/>7. 최종합격자 발표 : 2024. 10. 24.(목)<br/> ",,,,9
36,장노년일자리지원센터,부산과학기술고등교육진흥원,부산과학기술고등교육진흥원 부설기관 부산라이즈센터장 모집 공고,,,2024-09-19,2024-10-04,부산 전체,,,기간제 ,,https://www.busan50plus.or.kr/job/gojob/view?seq=3280,로그인 후 조회가능로그인,0,," 세부내용 <br/>부산과학기술고등교육진흥원 공고 제2024-45호<br/><br/>1. 공 고 명 : 부산과학기술고등교육진흥원 부설기관 부산라이즈센터장 모집 공고 <br/><br/>2. 공고기간 : 2024. 9. 19.(목) ~ 10. 4.(금)<br/><br/>3. 접수기간 : 2024. 9. 19.(목) ~ 10. 4.(금) 18:00 까지<br/><br/>4. 선발인원 : 1명<br/><br/> * 상세내용: 첨부파일 참조<br/><br/><br/>2024년 9월 19일<br/><br/><br/>재단법인 부산과학기술고등교육진흥원 부설기관장추천위원회 위원장<br style=""color: rgb(102, 102, 102); font-size: 18px; text-wrap: wrap; background-color: rgba(255, 255, 255, 0.8);""/><br/> ",,,,1
37,장노년일자리지원센터,사상구청,2024년 하반기 산불감시인력(산불감시원 및 산불전문예방진화대) 채용 공고,,,2024-09-27,2024-10-02,부산 사상구,,,기간제 ,,https://www.busan50plus.or.kr/job/gojob/view?seq=3279,로그인 후 조회가능로그인,0,, 세부내용 2024년 하반기 산불예방 등을 위한 산불감시인력(산불감시원 및 산불전문예방진화대)을 채용하고자 아래와 같이 공고합니다.<br/><br/>□ 모집 개요<br/>○ 채용인원: 30명<br/>○ 채용기간: 2024.10.23. ~ 2025.05.15.<br/>○ 공고기간: 2024.09.13. ~ 2024.09.26.<br/>○ 접수기간: 2024.09.27. ~ 2024.10.02. (6일간)<br/>○ 접 수 처: 사상구 녹지공원과(본관 5층) 또는 (전자)우편접수<br/>○ 서류심사 발표: 2024.10.04.(금)<br/>○ 체력심사: 2024.10.10.(목) ~ 10.11.(금) (서류 전형 합격자에 한함)<br/>○ 면접심사: 2024.10.15.(화)<br/>○ 합격발표: 2024.10.17.(목)<br/><br/>※ 기타 상세 사항은 붙임의 공고문 등 참조<br/> ,,,,4
38,장노년일자리지원센터,동래구청,2024년 불법 유동광고물 정비(2차) 기간제근로자 결원채용 공고,,,2024-09-25,2024-09-26,부산 동래구,,,기간제 ,,https://www.busan50plus.or.kr/job/gojob/view?seq=3278,로그인 후 조회가능로그인,0,," 세부내용 2024년 불법 유동광고물 정비(2차) 기간제근로자를 다음과 같이 채용하고자 합니다.<br style='font-family: ""Noto Sans"", ""Noto Sans KR"", GmarketSans, ""맑은 고딕"", MalgunGothic, sans-serif; color: rgb(102, 102, 102); font-size: 18px; text-wrap: wrap; background-color: rgba(255, 255, 255, 0.8);'/><br style='font-family: ""Noto Sans"", ""Noto Sans KR"", GmarketSans, ""맑은 고딕"", MalgunGothic, sans-serif; color: rgb(102, 102, 102); font-size: 18px; text-wrap: wrap; background-color: rgba(255, 255, 255, 0.8);'/>1. 채용분야 및 인원 : 불법유동광고물 정비사업/ 1명<br style='font-family: ""Noto Sans"", ""Noto Sans KR"", GmarketSans, ""맑은 고딕"", MalgunGothic, sans-serif; color: rgb(102, 102, 102); font-size: 18px; text-wrap: wrap; background-color: rgba(255, 255, 255, 0.8);'/>2. 근무기간: 2024. 10. 2. ~ 2024. 12. 31.<br style='font-family: ""Noto Sans"", ""Noto Sans KR"", GmarketSans, ""맑은 고딕"", MalgunGothic, sans-serif; color: rgb(102, 102, 102); font-size: 18px; text-wrap: wrap; background-color: rgba(255, 255, 255, 0.8);'/>※ 예산 등 각 운영 사정에 따라 변경(단축·연장)될 수 있음<br style='font-family: ""Noto Sans"", ""Noto Sans KR"", GmarketSans, ""맑은 고딕"", MalgunGothic, sans-serif; color: rgb(102, 102, 102); font-size: 18px; text-wrap: wrap; background-color: rgba(255, 255, 255, 0.8);'/>3. 근무장소: 동래구 도시재생과, 동래구 관내<br style='font-family: ""Noto Sans"", ""Noto Sans KR"", GmarketSans, ""맑은 고딕"", MalgunGothic, sans-serif; color: rgb(102, 102, 102); font-size: 18px; text-wrap: wrap; background-color: rgba(255, 255, 255, 0.8);'/>4. 근로임금: 90,560원/일<br style='font-family: ""Noto Sans"", ""Noto Sans KR"", GmarketSans, ""맑은 고딕"", MalgunGothic, sans-serif; color: rgb(102, 102, 102); font-size: 18px; text-wrap: wrap; background-color: rgba(255, 255, 255, 0.8);'/>5. 근로시간: 주 5일 근무, 1일 8시간(09:00~18:00)<br style='font-family: ""Noto Sans"", ""Noto Sans KR"", GmarketSans, ""맑은 고딕"", MalgunGothic, sans-serif; color: rgb(102, 102, 102); font-size: 18px; text-wrap: wrap; background-color: rgba(255, 255, 255, 0.8);'/>6. 근무내용: 불법 유동광고물 정비, 수거 광고물 정리 등<br style='font-family: ""Noto Sans"", ""Noto Sans KR"", GmarketSans, ""맑은 고딕"", MalgunGothic, sans-serif; color: rgb(102, 102, 102); font-size: 18px; text-wrap: wrap; background-color: rgba(255, 255, 255, 0.8);'/>7. 접수기간: 2024. 9. 25.(수) ~ 2024. 9. 26.(목)<br style='font-family: ""Noto Sans"", ""Noto Sans KR"", GmarketSans, ""맑은 고딕"", MalgunGothic, sans-serif; color: rgb(102, 102, 102); font-size: 18px; text-wrap: wrap; background-color: rgba(255, 255, 255, 0.8);'/>8. 접수방법: 방문접수(동래구 도시재생과 3층) 및 이메일 접수(quartet@korea.kr)<br style='font-family: ""Noto Sans"", ""Noto Sans KR"", GmarketSans, ""맑은 고딕"", MalgunGothic, sans-serif; color: rgb(102, 102, 102); font-size: 18px; text-wrap: wrap; background-color: rgba(255, 255, 255, 0.8);'/>9. 문 의: 051-550-4625<br style='font-family: ""Noto Sans"", ""Noto Sans KR"", GmarketSans, ""맑은 고딕"", MalgunGothic, sans-serif; color: rgb(102, 102, 102); font-size: 18px; text-wrap: wrap; background-color: rgba(255, 255, 255, 0.8);'/><br style='font-family: ""Noto Sans"", ""Noto Sans KR"", GmarketSans, ""맑은 고딕"", MalgunGothic, sans-serif; color: rgb(102, 102, 102); font-size: 18px; text-wrap: wrap; background-color: rgba(255, 255, 255, 0.8);'/>※ 그 외 문의사항은 첨부문 참조 ",,,,3
39,장노년일자리지원센터,사상구청,2024년 하반기 ~ 2025년 상반기 산림병해충 예찰방제단 기간제근로자 채용 공고,,,2024-09-26,2024-09-30,부산 사상구,,,기간제 ,,https://www.busan50plus.or.kr/job/gojob/view?seq=3277,로그인 후 조회가능로그인,0,," 세부내용 □ 모집개요<br/>- 공고기간: 2024.9.19.(목) ~ 2024.9.25.(수)<br/>- 접수기간: 2024.9.26.(목) ~ 2024.9.30.(월)<br/>- 접수방법: 직접방문접수(사상구청 5층 녹지공원과) 및 (전자)우편접수<br/>- 모집인원: 산림병해충 예찰방제단 4명(기술인부 1명, 일반인부 3명)<br/>- 모집내용: 공고문 참고<br/> ",,,,4
40,장노년일자리지원센터,부산광역시 북구청,2024년 가을철~2025년 봄철 산불기간제근로자 채용 공고,,,2024-09-25,2024-09-27,부산 북구,,,기간제 ,,https://www.busan50plus.or.kr/job/gojob/view?seq=3276,로그인 후 조회가능로그인,0,," 세부내용 2024년 가을철부터 2025년 봄철까지 산불기간제근로자사업에 참여할 기간제근로자를 아래와 같이 모집 공고합니다.<br/><br/>1. 채용인원 : 33명(산불감시원 24명, 산불모니터링 1명, 산불전문예방진화대 8명)<br/>2. 채용기간<br/>- 산불감시원 : 2024. 10. 21. ~ 2025. 5. 15.<br/>- 산불모니터링요원 : 2024. 10. 21. ~ 2025. 5. 15.<br/>- 산불전문예방진화대 : 2024. 11. 01. ~ 2025. 5. 15.<br/>3. 근무형태 : 주5일 근무원칙(토·일요일 및 공휴일 정상근무, 평일 대체휴무)<br/>- 산불업무의 특성상 토·일요일 및 공휴일 근무할 수 없을 시 채용 불가<br/>4. 근무시간 : 1일 8시간(09:00~18:00, 휴게시간 1시간 포함)<br/>※ 계절 및 상황별 근무여건에 따라 근무시간 변경 가능<br/>5. 근무장소 : 부산광역시 북구 금정산, 백양산 일대<br/>※ 산불모니터링 요원 : 공원녹지과 사무실<br/>6. 임금단가 : 87,400원/일<br/>7. 접수기간 : 2024. 9. 25.(수) ∼ 9. 27.(금) 18:00까지 ?3일간<br/>8. 접수장소 : 북구청 제1별관 2층 공원녹지과 사무실<br/>9. 접수방법 : 방문접수(팩스 및 우편접수 불가)<br/>10. 문의 : 북구청 공원녹지과(산림행정팀 ☎309-4542)<br/><br/>※ 자세한 공고내용은 첨부파일을 참고하시기 바랍니다.<br/> ",,,,15
